"Interface","Variant","Operation","Implementation","Size","Samples","Score","Score Error (99.9%)","Unit","Source CSV"
"DoubleObjectPersistentSortedMap","ascending","findExisting","bifurcanFloat",128,4,12.095411,2.719398,"ns/op","2026-04-19T23-36-09Z-double-object-persistent-sorted-map.csv"
"DoubleObjectPersistentSortedMap","ascending","findExisting","bifurcanSorted",128,4,9.354354,1.081443,"ns/op","2026-04-19T23-36-09Z-double-object-persistent-sorted-map.csv"
"DoubleObjectPersistentSortedMap","ascending","findExisting","compact",128,4,1.662309,0.535872,"ns/op","2026-04-19T23-36-09Z-double-object-persistent-sorted-map.csv"
"DoubleObjectPersistentSortedMap","ascending","findExisting","dexx",128,4,13.753613,2.327717,"ns/op","2026-04-19T23-36-09Z-double-object-persistent-sorted-map.csv"
"DoubleObjectPersistentSortedMap","ascending","findExisting","simple",128,4,9.962397,8.366852,"ns/op","2026-04-19T23-36-09Z-double-object-persistent-sorted-map.csv"
"DoubleObjectPersistentSortedMap","ascending","findExisting","treap",128,4,1.706844,0.226800,"ns/op","2026-04-19T23-36-09Z-double-object-persistent-sorted-map.csv"
"DoubleObjectPersistentSortedMap","ascending","findExisting","bifurcanFloat",4096,4,14.383998,2.396702,"ns/op","2026-04-19T23-36-09Z-double-object-persistent-sorted-map.csv"
"DoubleObjectPersistentSortedMap","ascending","findExisting","bifurcanSorted",4096,4,14.748495,4.015943,"ns/op","2026-04-19T23-36-09Z-double-object-persistent-sorted-map.csv"
"DoubleObjectPersistentSortedMap","ascending","findExisting","compact",4096,4,23.612904,5.453071,"ns/op","2026-04-19T23-36-09Z-double-object-persistent-sorted-map.csv"
"DoubleObjectPersistentSortedMap","ascending","findExisting","dexx",4096,4,23.758667,7.407065,"ns/op","2026-04-19T23-36-09Z-double-object-persistent-sorted-map.csv"
"DoubleObjectPersistentSortedMap","ascending","findExisting","simple",4096,4,15.054453,1.969647,"ns/op","2026-04-19T23-36-09Z-double-object-persistent-sorted-map.csv"
"DoubleObjectPersistentSortedMap","ascending","findExisting","treap",4096,4,22.149099,4.742528,"ns/op","2026-04-19T23-36-09Z-double-object-persistent-sorted-map.csv"
"DoubleObjectPersistentSortedMap","ascending","findMissing","bifurcanFloat",128,4,4.216668,0.697376,"ns/op","2026-04-19T23-36-09Z-double-object-persistent-sorted-map.csv"
"DoubleObjectPersistentSortedMap","ascending","findMissing","bifurcanSorted",128,4,9.457662,1.370663,"ns/op","2026-04-19T23-36-09Z-double-object-persistent-sorted-map.csv"
"DoubleObjectPersistentSortedMap","ascending","findMissing","compact",128,4,5.290167,0.572367,"ns/op","2026-04-19T23-36-09Z-double-object-persistent-sorted-map.csv"
"DoubleObjectPersistentSortedMap","ascending","findMissing","dexx",128,4,15.893738,4.276852,"ns/op","2026-04-19T23-36-09Z-double-object-persistent-sorted-map.csv"
"DoubleObjectPersistentSortedMap","ascending","findMissing","simple",128,4,9.461980,1.000533,"ns/op","2026-04-19T23-36-09Z-double-object-persistent-sorted-map.csv"
"DoubleObjectPersistentSortedMap","ascending","findMissing","treap",128,4,5.342709,0.880121,"ns/op","2026-04-19T23-36-09Z-double-object-persistent-sorted-map.csv"
"DoubleObjectPersistentSortedMap","ascending","findMissing","bifurcanFloat",4096,4,4.067840,0.477880,"ns/op","2026-04-19T23-36-09Z-double-object-persistent-sorted-map.csv"
"DoubleObjectPersistentSortedMap","ascending","findMissing","bifurcanSorted",4096,4,15.546135,2.491581,"ns/op","2026-04-19T23-36-09Z-double-object-persistent-sorted-map.csv"
"DoubleObjectPersistentSortedMap","ascending","findMissing","compact",4096,4,10.864930,3.233041,"ns/op","2026-04-19T23-36-09Z-double-object-persistent-sorted-map.csv"
"DoubleObjectPersistentSortedMap","ascending","findMissing","dexx",4096,4,25.540914,6.474572,"ns/op","2026-04-19T23-36-09Z-double-object-persistent-sorted-map.csv"
"DoubleObjectPersistentSortedMap","ascending","findMissing","simple",4096,4,15.573769,2.159789,"ns/op","2026-04-19T23-36-09Z-double-object-persistent-sorted-map.csv"
"DoubleObjectPersistentSortedMap","ascending","findMissing","treap",4096,4,10.826910,3.199201,"ns/op","2026-04-19T23-36-09Z-double-object-persistent-sorted-map.csv"
"DoubleObjectPersistentSortedMap","ascending","greaterOrEqualTo","bifurcanFloat",128,4,2400.136434,484.987599,"ns/op","2026-04-19T23-36-09Z-double-object-persistent-sorted-map.csv"
"DoubleObjectPersistentSortedMap","ascending","greaterOrEqualTo","bifurcanSorted",128,4,414.962253,183.468281,"ns/op","2026-04-19T23-36-09Z-double-object-persistent-sorted-map.csv"
"DoubleObjectPersistentSortedMap","ascending","greaterOrEqualTo","compact",128,4,192.978321,23.837729,"ns/op","2026-04-19T23-36-09Z-double-object-persistent-sorted-map.csv"
"DoubleObjectPersistentSortedMap","ascending","greaterOrEqualTo","dexx",128,4,888.773757,214.752483,"ns/op","2026-04-19T23-36-09Z-double-object-persistent-sorted-map.csv"
"DoubleObjectPersistentSortedMap","ascending","greaterOrEqualTo","simple",128,4,275.683985,34.407177,"ns/op","2026-04-19T23-36-09Z-double-object-persistent-sorted-map.csv"
"DoubleObjectPersistentSortedMap","ascending","greaterOrEqualTo","treap",128,4,188.446246,43.577295,"ns/op","2026-04-19T23-36-09Z-double-object-persistent-sorted-map.csv"
"DoubleObjectPersistentSortedMap","ascending","greaterOrEqualTo","bifurcanFloat",4096,4,160398.836554,50260.003220,"ns/op","2026-04-19T23-36-09Z-double-object-persistent-sorted-map.csv"
"DoubleObjectPersistentSortedMap","ascending","greaterOrEqualTo","bifurcanSorted",4096,4,56166.835277,7889.829149,"ns/op","2026-04-19T23-36-09Z-double-object-persistent-sorted-map.csv"
"DoubleObjectPersistentSortedMap","ascending","greaterOrEqualTo","compact",4096,4,10208.481085,749.015061,"ns/op","2026-04-19T23-36-09Z-double-object-persistent-sorted-map.csv"
"DoubleObjectPersistentSortedMap","ascending","greaterOrEqualTo","dexx",4096,4,16568.390723,2561.884766,"ns/op","2026-04-19T23-36-09Z-double-object-persistent-sorted-map.csv"
"DoubleObjectPersistentSortedMap","ascending","greaterOrEqualTo","simple",4096,4,8898.040881,2935.584353,"ns/op","2026-04-19T23-36-09Z-double-object-persistent-sorted-map.csv"
"DoubleObjectPersistentSortedMap","ascending","greaterOrEqualTo","treap",4096,4,10487.433951,2521.516012,"ns/op","2026-04-19T23-36-09Z-double-object-persistent-sorted-map.csv"
"DoubleObjectPersistentSortedMap","ascending","mixedReadHeavy","bifurcanFloat",128,4,30802.708373,8051.131917,"ns/op","2026-04-19T23-36-09Z-double-object-persistent-sorted-map.csv"
"DoubleObjectPersistentSortedMap","ascending","mixedReadHeavy","bifurcanSorted",128,4,7639.262787,3048.839020,"ns/op","2026-04-19T23-36-09Z-double-object-persistent-sorted-map.csv"
"DoubleObjectPersistentSortedMap","ascending","mixedReadHeavy","compact",128,4,1783.766902,190.950838,"ns/op","2026-04-19T23-36-09Z-double-object-persistent-sorted-map.csv"
"DoubleObjectPersistentSortedMap","ascending","mixedReadHeavy","dexx",128,4,10580.944457,4968.295672,"ns/op","2026-04-19T23-36-09Z-double-object-persistent-sorted-map.csv"
"DoubleObjectPersistentSortedMap","ascending","mixedReadHeavy","simple",128,4,9569.628512,3799.398908,"ns/op","2026-04-19T23-36-09Z-double-object-persistent-sorted-map.csv"
"DoubleObjectPersistentSortedMap","ascending","mixedReadHeavy","treap",128,4,1620.839055,288.920005,"ns/op","2026-04-19T23-36-09Z-double-object-persistent-sorted-map.csv"
"DoubleObjectPersistentSortedMap","ascending","mixedReadHeavy","bifurcanFloat",4096,4,2347440.186699,250938.272941,"ns/op","2026-04-19T23-36-09Z-double-object-persistent-sorted-map.csv"
"DoubleObjectPersistentSortedMap","ascending","mixedReadHeavy","bifurcanSorted",4096,4,1144978.970631,968363.537222,"ns/op","2026-04-19T23-36-09Z-double-object-persistent-sorted-map.csv"
"DoubleObjectPersistentSortedMap","ascending","mixedReadHeavy","compact",4096,4,3166.483812,1071.116789,"ns/op","2026-04-19T23-36-09Z-double-object-persistent-sorted-map.csv"
"DoubleObjectPersistentSortedMap","ascending","mixedReadHeavy","dexx",4096,4,78976.435880,24029.903742,"ns/op","2026-04-19T23-36-09Z-double-object-persistent-sorted-map.csv"
"DoubleObjectPersistentSortedMap","ascending","mixedReadHeavy","simple",4096,4,234760.510897,100349.646926,"ns/op","2026-04-19T23-36-09Z-double-object-persistent-sorted-map.csv"
"DoubleObjectPersistentSortedMap","ascending","mixedReadHeavy","treap",4096,4,3120.444797,877.435295,"ns/op","2026-04-19T23-36-09Z-double-object-persistent-sorted-map.csv"
"DoubleObjectPersistentSortedMap","ascending","mixedUpdateHeavy","bifurcanFloat",128,4,58044.539366,25699.208268,"ns/op","2026-04-19T23-36-09Z-double-object-persistent-sorted-map.csv"
"DoubleObjectPersistentSortedMap","ascending","mixedUpdateHeavy","bifurcanSorted",128,4,17789.458066,1402.469015,"ns/op","2026-04-19T23-36-09Z-double-object-persistent-sorted-map.csv"
"DoubleObjectPersistentSortedMap","ascending","mixedUpdateHeavy","compact",128,4,5081.898863,2135.311406,"ns/op","2026-04-19T23-36-09Z-double-object-persistent-sorted-map.csv"
"DoubleObjectPersistentSortedMap","ascending","mixedUpdateHeavy","dexx",128,4,21834.544395,6011.189473,"ns/op","2026-04-19T23-36-09Z-double-object-persistent-sorted-map.csv"
"DoubleObjectPersistentSortedMap","ascending","mixedUpdateHeavy","simple",128,4,95477.846151,40843.974969,"ns/op","2026-04-19T23-36-09Z-double-object-persistent-sorted-map.csv"
"DoubleObjectPersistentSortedMap","ascending","mixedUpdateHeavy","treap",128,4,5159.841797,2963.396260,"ns/op","2026-04-19T23-36-09Z-double-object-persistent-sorted-map.csv"
"DoubleObjectPersistentSortedMap","ascending","mixedUpdateHeavy","bifurcanFloat",4096,4,4675627.246300,273191.934512,"ns/op","2026-04-19T23-36-09Z-double-object-persistent-sorted-map.csv"
"DoubleObjectPersistentSortedMap","ascending","mixedUpdateHeavy","bifurcanSorted",4096,4,2009831.635508,378667.115908,"ns/op","2026-04-19T23-36-09Z-double-object-persistent-sorted-map.csv"
"DoubleObjectPersistentSortedMap","ascending","mixedUpdateHeavy","compact",4096,4,9178.084486,2443.850936,"ns/op","2026-04-19T23-36-09Z-double-object-persistent-sorted-map.csv"
"DoubleObjectPersistentSortedMap","ascending","mixedUpdateHeavy","dexx",4096,4,162745.458134,49179.058005,"ns/op","2026-04-19T23-36-09Z-double-object-persistent-sorted-map.csv"
"DoubleObjectPersistentSortedMap","ascending","mixedUpdateHeavy","simple",4096,4,2761703.581651,1205753.903706,"ns/op","2026-04-19T23-36-09Z-double-object-persistent-sorted-map.csv"
"DoubleObjectPersistentSortedMap","ascending","mixedUpdateHeavy","treap",4096,4,8763.113973,1567.837481,"ns/op","2026-04-19T23-36-09Z-double-object-persistent-sorted-map.csv"
"DoubleObjectPersistentSortedMap","ascending","putExisting","bifurcanFloat",128,4,117.543018,75.305618,"ns/op","2026-04-19T23-36-09Z-double-object-persistent-sorted-map.csv"
"DoubleObjectPersistentSortedMap","ascending","putExisting","bifurcanSorted",128,4,40.510709,26.840800,"ns/op","2026-04-19T23-36-09Z-double-object-persistent-sorted-map.csv"
"DoubleObjectPersistentSortedMap","ascending","putExisting","compact",128,4,7.204004,3.030387,"ns/op","2026-04-19T23-36-09Z-double-object-persistent-sorted-map.csv"
"DoubleObjectPersistentSortedMap","ascending","putExisting","dexx",128,4,40.697244,18.325013,"ns/op","2026-04-19T23-36-09Z-double-object-persistent-sorted-map.csv"
"DoubleObjectPersistentSortedMap","ascending","putExisting","simple",128,4,982.313598,464.548729,"ns/op","2026-04-19T23-36-09Z-double-object-persistent-sorted-map.csv"
"DoubleObjectPersistentSortedMap","ascending","putExisting","treap",128,4,7.168637,2.312374,"ns/op","2026-04-19T23-36-09Z-double-object-persistent-sorted-map.csv"
"DoubleObjectPersistentSortedMap","ascending","putExisting","bifurcanFloat",4096,4,148.046926,73.515042,"ns/op","2026-04-19T23-36-09Z-double-object-persistent-sorted-map.csv"
"DoubleObjectPersistentSortedMap","ascending","putExisting","bifurcanSorted",4096,4,75.843888,32.482737,"ns/op","2026-04-19T23-36-09Z-double-object-persistent-sorted-map.csv"
"DoubleObjectPersistentSortedMap","ascending","putExisting","compact",4096,4,82.682013,52.046810,"ns/op","2026-04-19T23-36-09Z-double-object-persistent-sorted-map.csv"
"DoubleObjectPersistentSortedMap","ascending","putExisting","dexx",4096,4,64.051434,31.344764,"ns/op","2026-04-19T23-36-09Z-double-object-persistent-sorted-map.csv"
"DoubleObjectPersistentSortedMap","ascending","putExisting","simple",4096,4,31380.289900,11090.917586,"ns/op","2026-04-19T23-36-09Z-double-object-persistent-sorted-map.csv"
"DoubleObjectPersistentSortedMap","ascending","putExisting","treap",4096,4,85.159565,54.655524,"ns/op","2026-04-19T23-36-09Z-double-object-persistent-sorted-map.csv"
"DoubleObjectPersistentSortedMap","ascending","putNew","bifurcanFloat",128,4,61.306588,33.840042,"ns/op","2026-04-19T23-36-09Z-double-object-persistent-sorted-map.csv"
"DoubleObjectPersistentSortedMap","ascending","putNew","bifurcanSorted",128,4,61.806491,46.713395,"ns/op","2026-04-19T23-36-09Z-double-object-persistent-sorted-map.csv"
"DoubleObjectPersistentSortedMap","ascending","putNew","compact",128,4,37.127868,20.238588,"ns/op","2026-04-19T23-36-09Z-double-object-persistent-sorted-map.csv"
"DoubleObjectPersistentSortedMap","ascending","putNew","dexx",128,4,47.929720,34.838814,"ns/op","2026-04-19T23-36-09Z-double-object-persistent-sorted-map.csv"
"DoubleObjectPersistentSortedMap","ascending","putNew","simple",128,4,985.117988,451.465076,"ns/op","2026-04-19T23-36-09Z-double-object-persistent-sorted-map.csv"
"DoubleObjectPersistentSortedMap","ascending","putNew","treap",128,4,36.417988,12.494430,"ns/op","2026-04-19T23-36-09Z-double-object-persistent-sorted-map.csv"
"DoubleObjectPersistentSortedMap","ascending","putNew","bifurcanFloat",4096,4,63.372994,31.950540,"ns/op","2026-04-19T23-36-09Z-double-object-persistent-sorted-map.csv"
"DoubleObjectPersistentSortedMap","ascending","putNew","bifurcanSorted",4096,4,91.336527,60.316905,"ns/op","2026-04-19T23-36-09Z-double-object-persistent-sorted-map.csv"
"DoubleObjectPersistentSortedMap","ascending","putNew","compact",4096,4,61.188556,39.582830,"ns/op","2026-04-19T23-36-09Z-double-object-persistent-sorted-map.csv"
"DoubleObjectPersistentSortedMap","ascending","putNew","dexx",4096,4,68.521972,60.437920,"ns/op","2026-04-19T23-36-09Z-double-object-persistent-sorted-map.csv"
"DoubleObjectPersistentSortedMap","ascending","putNew","simple",4096,4,32248.508973,17210.455492,"ns/op","2026-04-19T23-36-09Z-double-object-persistent-sorted-map.csv"
"DoubleObjectPersistentSortedMap","ascending","putNew","treap",4096,4,59.950273,29.769146,"ns/op","2026-04-19T23-36-09Z-double-object-persistent-sorted-map.csv"
"DoubleObjectPersistentSortedMap","ascending","removeExisting","bifurcanFloat",128,4,138.157405,64.197505,"ns/op","2026-04-19T23-36-09Z-double-object-persistent-sorted-map.csv"
"DoubleObjectPersistentSortedMap","ascending","removeExisting","bifurcanSorted",128,4,91.866724,48.517531,"ns/op","2026-04-19T23-36-09Z-double-object-persistent-sorted-map.csv"
"DoubleObjectPersistentSortedMap","ascending","removeExisting","compact",128,4,32.453965,18.425187,"ns/op","2026-04-19T23-36-09Z-double-object-persistent-sorted-map.csv"
"DoubleObjectPersistentSortedMap","ascending","removeExisting","dexx",128,4,53.041993,35.212689,"ns/op","2026-04-19T23-36-09Z-double-object-persistent-sorted-map.csv"
"DoubleObjectPersistentSortedMap","ascending","removeExisting","simple",128,4,985.688248,228.623928,"ns/op","2026-04-19T23-36-09Z-double-object-persistent-sorted-map.csv"
"DoubleObjectPersistentSortedMap","ascending","removeExisting","treap",128,4,32.618731,14.178513,"ns/op","2026-04-19T23-36-09Z-double-object-persistent-sorted-map.csv"
"DoubleObjectPersistentSortedMap","ascending","removeExisting","bifurcanFloat",4096,4,168.323009,77.542662,"ns/op","2026-04-19T23-36-09Z-double-object-persistent-sorted-map.csv"
"DoubleObjectPersistentSortedMap","ascending","removeExisting","bifurcanSorted",4096,4,171.226141,96.759427,"ns/op","2026-04-19T23-36-09Z-double-object-persistent-sorted-map.csv"
"DoubleObjectPersistentSortedMap","ascending","removeExisting","compact",4096,4,78.202575,53.397792,"ns/op","2026-04-19T23-36-09Z-double-object-persistent-sorted-map.csv"
"DoubleObjectPersistentSortedMap","ascending","removeExisting","dexx",4096,4,93.130819,23.407745,"ns/op","2026-04-19T23-36-09Z-double-object-persistent-sorted-map.csv"
"DoubleObjectPersistentSortedMap","ascending","removeExisting","simple",4096,4,32459.021773,23911.670028,"ns/op","2026-04-19T23-36-09Z-double-object-persistent-sorted-map.csv"
"DoubleObjectPersistentSortedMap","ascending","removeExisting","treap",4096,4,79.351792,39.643981,"ns/op","2026-04-19T23-36-09Z-double-object-persistent-sorted-map.csv"
"DoubleObjectPersistentSortedMap","ascending","size","bifurcanFloat",128,4,1.307433,0.083951,"ns/op","2026-04-19T23-36-09Z-double-object-persistent-sorted-map.csv"
"DoubleObjectPersistentSortedMap","ascending","size","bifurcanSorted",128,4,0.726606,0.104891,"ns/op","2026-04-19T23-36-09Z-double-object-persistent-sorted-map.csv"
"DoubleObjectPersistentSortedMap","ascending","size","compact",128,4,0.497023,0.110657,"ns/op","2026-04-19T23-36-09Z-double-object-persistent-sorted-map.csv"
"DoubleObjectPersistentSortedMap","ascending","size","dexx",128,4,239.272665,20.307588,"ns/op","2026-04-19T23-36-09Z-double-object-persistent-sorted-map.csv"
"DoubleObjectPersistentSortedMap","ascending","size","simple",128,4,0.726909,0.123705,"ns/op","2026-04-19T23-36-09Z-double-object-persistent-sorted-map.csv"
"DoubleObjectPersistentSortedMap","ascending","size","treap",128,4,0.495816,0.083855,"ns/op","2026-04-19T23-36-09Z-double-object-persistent-sorted-map.csv"
"DoubleObjectPersistentSortedMap","ascending","size","bifurcanFloat",4096,4,1.294320,0.213051,"ns/op","2026-04-19T23-36-09Z-double-object-persistent-sorted-map.csv"
"DoubleObjectPersistentSortedMap","ascending","size","bifurcanSorted",4096,4,0.738952,0.108709,"ns/op","2026-04-19T23-36-09Z-double-object-persistent-sorted-map.csv"
"DoubleObjectPersistentSortedMap","ascending","size","compact",4096,4,0.492266,0.046286,"ns/op","2026-04-19T23-36-09Z-double-object-persistent-sorted-map.csv"
"DoubleObjectPersistentSortedMap","ascending","size","dexx",4096,4,8039.852993,8033.578986,"ns/op","2026-04-19T23-36-09Z-double-object-persistent-sorted-map.csv"
"DoubleObjectPersistentSortedMap","ascending","size","simple",4096,4,0.730451,0.106290,"ns/op","2026-04-19T23-36-09Z-double-object-persistent-sorted-map.csv"
"DoubleObjectPersistentSortedMap","ascending","size","treap",4096,4,0.492130,0.111584,"ns/op","2026-04-19T23-36-09Z-double-object-persistent-sorted-map.csv"
"DoubleObjectPersistentSortedMap","descending","findExisting","bifurcanFloat",128,4,12.229144,1.980261,"ns/op","2026-04-19T23-36-09Z-double-object-persistent-sorted-map.csv"
"DoubleObjectPersistentSortedMap","descending","findExisting","bifurcanSorted",128,4,9.100352,1.669976,"ns/op","2026-04-19T23-36-09Z-double-object-persistent-sorted-map.csv"
"DoubleObjectPersistentSortedMap","descending","findExisting","compact",128,4,1.783695,0.454892,"ns/op","2026-04-19T23-36-09Z-double-object-persistent-sorted-map.csv"
"DoubleObjectPersistentSortedMap","descending","findExisting","dexx",128,4,15.148997,4.539820,"ns/op","2026-04-19T23-36-09Z-double-object-persistent-sorted-map.csv"
"DoubleObjectPersistentSortedMap","descending","findExisting","simple",128,4,9.279177,1.235415,"ns/op","2026-04-19T23-36-09Z-double-object-persistent-sorted-map.csv"
"DoubleObjectPersistentSortedMap","descending","findExisting","treap",128,4,1.695688,0.156456,"ns/op","2026-04-19T23-36-09Z-double-object-persistent-sorted-map.csv"
"DoubleObjectPersistentSortedMap","descending","findExisting","bifurcanFloat",4096,4,15.598065,2.823495,"ns/op","2026-04-19T23-36-09Z-double-object-persistent-sorted-map.csv"
"DoubleObjectPersistentSortedMap","descending","findExisting","bifurcanSorted",4096,4,15.404180,0.978256,"ns/op","2026-04-19T23-36-09Z-double-object-persistent-sorted-map.csv"
"DoubleObjectPersistentSortedMap","descending","findExisting","compact",4096,4,22.521902,1.300389,"ns/op","2026-04-19T23-36-09Z-double-object-persistent-sorted-map.csv"
"DoubleObjectPersistentSortedMap","descending","findExisting","dexx",4096,4,26.581525,11.851250,"ns/op","2026-04-19T23-36-09Z-double-object-persistent-sorted-map.csv"
"DoubleObjectPersistentSortedMap","descending","findExisting","simple",4096,4,15.252181,1.148749,"ns/op","2026-04-19T23-36-09Z-double-object-persistent-sorted-map.csv"
"DoubleObjectPersistentSortedMap","descending","findExisting","treap",4096,4,22.077690,6.461627,"ns/op","2026-04-19T23-36-09Z-double-object-persistent-sorted-map.csv"
"DoubleObjectPersistentSortedMap","descending","findMissing","bifurcanFloat",128,4,4.359224,0.532046,"ns/op","2026-04-19T23-36-09Z-double-object-persistent-sorted-map.csv"
"DoubleObjectPersistentSortedMap","descending","findMissing","bifurcanSorted",128,4,9.479404,1.206374,"ns/op","2026-04-19T23-36-09Z-double-object-persistent-sorted-map.csv"
"DoubleObjectPersistentSortedMap","descending","findMissing","compact",128,4,5.385352,0.608109,"ns/op","2026-04-19T23-36-09Z-double-object-persistent-sorted-map.csv"
"DoubleObjectPersistentSortedMap","descending","findMissing","dexx",128,4,14.558504,2.812428,"ns/op","2026-04-19T23-36-09Z-double-object-persistent-sorted-map.csv"
"DoubleObjectPersistentSortedMap","descending","findMissing","simple",128,4,9.366473,1.430321,"ns/op","2026-04-19T23-36-09Z-double-object-persistent-sorted-map.csv"
"DoubleObjectPersistentSortedMap","descending","findMissing","treap",128,4,5.347816,1.284010,"ns/op","2026-04-19T23-36-09Z-double-object-persistent-sorted-map.csv"
"DoubleObjectPersistentSortedMap","descending","findMissing","bifurcanFloat",4096,4,4.356623,0.392063,"ns/op","2026-04-19T23-36-09Z-double-object-persistent-sorted-map.csv"
"DoubleObjectPersistentSortedMap","descending","findMissing","bifurcanSorted",4096,4,16.078727,3.256823,"ns/op","2026-04-19T23-36-09Z-double-object-persistent-sorted-map.csv"
"DoubleObjectPersistentSortedMap","descending","findMissing","compact",4096,4,10.662219,0.982423,"ns/op","2026-04-19T23-36-09Z-double-object-persistent-sorted-map.csv"
"DoubleObjectPersistentSortedMap","descending","findMissing","dexx",4096,4,22.851095,3.975377,"ns/op","2026-04-19T23-36-09Z-double-object-persistent-sorted-map.csv"
"DoubleObjectPersistentSortedMap","descending","findMissing","simple",4096,4,15.625504,1.180210,"ns/op","2026-04-19T23-36-09Z-double-object-persistent-sorted-map.csv"
"DoubleObjectPersistentSortedMap","descending","findMissing","treap",4096,4,10.442798,1.812151,"ns/op","2026-04-19T23-36-09Z-double-object-persistent-sorted-map.csv"
"DoubleObjectPersistentSortedMap","descending","greaterOrEqualTo","bifurcanFloat",128,4,2445.566692,296.121864,"ns/op","2026-04-19T23-36-09Z-double-object-persistent-sorted-map.csv"
"DoubleObjectPersistentSortedMap","descending","greaterOrEqualTo","bifurcanSorted",128,4,412.504029,188.259673,"ns/op","2026-04-19T23-36-09Z-double-object-persistent-sorted-map.csv"
"DoubleObjectPersistentSortedMap","descending","greaterOrEqualTo","compact",128,4,222.660892,46.099043,"ns/op","2026-04-19T23-36-09Z-double-object-persistent-sorted-map.csv"
"DoubleObjectPersistentSortedMap","descending","greaterOrEqualTo","dexx",128,4,913.104537,267.541249,"ns/op","2026-04-19T23-36-09Z-double-object-persistent-sorted-map.csv"
"DoubleObjectPersistentSortedMap","descending","greaterOrEqualTo","simple",128,4,260.144125,65.009365,"ns/op","2026-04-19T23-36-09Z-double-object-persistent-sorted-map.csv"
"DoubleObjectPersistentSortedMap","descending","greaterOrEqualTo","treap",128,4,226.513876,50.571615,"ns/op","2026-04-19T23-36-09Z-double-object-persistent-sorted-map.csv"
"DoubleObjectPersistentSortedMap","descending","greaterOrEqualTo","bifurcanFloat",4096,4,156947.837567,11682.124773,"ns/op","2026-04-19T23-36-09Z-double-object-persistent-sorted-map.csv"
"DoubleObjectPersistentSortedMap","descending","greaterOrEqualTo","bifurcanSorted",4096,4,57730.743874,7086.711655,"ns/op","2026-04-19T23-36-09Z-double-object-persistent-sorted-map.csv"
"DoubleObjectPersistentSortedMap","descending","greaterOrEqualTo","compact",4096,4,9514.287367,1081.185873,"ns/op","2026-04-19T23-36-09Z-double-object-persistent-sorted-map.csv"
"DoubleObjectPersistentSortedMap","descending","greaterOrEqualTo","dexx",4096,4,16480.435979,5985.474907,"ns/op","2026-04-19T23-36-09Z-double-object-persistent-sorted-map.csv"
"DoubleObjectPersistentSortedMap","descending","greaterOrEqualTo","simple",4096,4,9072.240065,2535.409289,"ns/op","2026-04-19T23-36-09Z-double-object-persistent-sorted-map.csv"
"DoubleObjectPersistentSortedMap","descending","greaterOrEqualTo","treap",4096,4,9488.910510,929.195476,"ns/op","2026-04-19T23-36-09Z-double-object-persistent-sorted-map.csv"
"DoubleObjectPersistentSortedMap","descending","mixedReadHeavy","bifurcanFloat",128,4,31282.997771,9639.248620,"ns/op","2026-04-19T23-36-09Z-double-object-persistent-sorted-map.csv"
"DoubleObjectPersistentSortedMap","descending","mixedReadHeavy","bifurcanSorted",128,4,8541.711285,4049.893690,"ns/op","2026-04-19T23-36-09Z-double-object-persistent-sorted-map.csv"
"DoubleObjectPersistentSortedMap","descending","mixedReadHeavy","compact",128,4,1541.697195,296.816503,"ns/op","2026-04-19T23-36-09Z-double-object-persistent-sorted-map.csv"
"DoubleObjectPersistentSortedMap","descending","mixedReadHeavy","dexx",128,4,10870.008019,2863.246316,"ns/op","2026-04-19T23-36-09Z-double-object-persistent-sorted-map.csv"
"DoubleObjectPersistentSortedMap","descending","mixedReadHeavy","simple",128,4,9480.301084,2129.932362,"ns/op","2026-04-19T23-36-09Z-double-object-persistent-sorted-map.csv"
"DoubleObjectPersistentSortedMap","descending","mixedReadHeavy","treap",128,4,1458.760863,332.010250,"ns/op","2026-04-19T23-36-09Z-double-object-persistent-sorted-map.csv"
"DoubleObjectPersistentSortedMap","descending","mixedReadHeavy","bifurcanFloat",4096,4,2399805.960814,784546.536203,"ns/op","2026-04-19T23-36-09Z-double-object-persistent-sorted-map.csv"
"DoubleObjectPersistentSortedMap","descending","mixedReadHeavy","bifurcanSorted",4096,4,1086767.403392,237914.150491,"ns/op","2026-04-19T23-36-09Z-double-object-persistent-sorted-map.csv"
"DoubleObjectPersistentSortedMap","descending","mixedReadHeavy","compact",4096,4,3087.908470,811.881137,"ns/op","2026-04-19T23-36-09Z-double-object-persistent-sorted-map.csv"
"DoubleObjectPersistentSortedMap","descending","mixedReadHeavy","dexx",4096,4,79526.241756,23074.735229,"ns/op","2026-04-19T23-36-09Z-double-object-persistent-sorted-map.csv"
"DoubleObjectPersistentSortedMap","descending","mixedReadHeavy","simple",4096,4,235314.174447,117822.364675,"ns/op","2026-04-19T23-36-09Z-double-object-persistent-sorted-map.csv"
"DoubleObjectPersistentSortedMap","descending","mixedReadHeavy","treap",4096,4,3181.496009,1189.984843,"ns/op","2026-04-19T23-36-09Z-double-object-persistent-sorted-map.csv"
"DoubleObjectPersistentSortedMap","descending","mixedUpdateHeavy","bifurcanFloat",128,4,58379.869227,19712.304805,"ns/op","2026-04-19T23-36-09Z-double-object-persistent-sorted-map.csv"
"DoubleObjectPersistentSortedMap","descending","mixedUpdateHeavy","bifurcanSorted",128,4,17172.323783,7760.096174,"ns/op","2026-04-19T23-36-09Z-double-object-persistent-sorted-map.csv"
"DoubleObjectPersistentSortedMap","descending","mixedUpdateHeavy","compact",128,4,5165.184958,3658.239866,"ns/op","2026-04-19T23-36-09Z-double-object-persistent-sorted-map.csv"
"DoubleObjectPersistentSortedMap","descending","mixedUpdateHeavy","dexx",128,4,22141.349318,9423.951906,"ns/op","2026-04-19T23-36-09Z-double-object-persistent-sorted-map.csv"
"DoubleObjectPersistentSortedMap","descending","mixedUpdateHeavy","simple",128,4,96577.342596,40211.375835,"ns/op","2026-04-19T23-36-09Z-double-object-persistent-sorted-map.csv"
"DoubleObjectPersistentSortedMap","descending","mixedUpdateHeavy","treap",128,4,5175.914732,4533.278233,"ns/op","2026-04-19T23-36-09Z-double-object-persistent-sorted-map.csv"
"DoubleObjectPersistentSortedMap","descending","mixedUpdateHeavy","bifurcanFloat",4096,4,4614536.878871,1860924.322442,"ns/op","2026-04-19T23-36-09Z-double-object-persistent-sorted-map.csv"
"DoubleObjectPersistentSortedMap","descending","mixedUpdateHeavy","bifurcanSorted",4096,4,2296898.117068,131799.106254,"ns/op","2026-04-19T23-36-09Z-double-object-persistent-sorted-map.csv"
"DoubleObjectPersistentSortedMap","descending","mixedUpdateHeavy","compact",4096,4,8700.688899,1705.500000,"ns/op","2026-04-19T23-36-09Z-double-object-persistent-sorted-map.csv"
"DoubleObjectPersistentSortedMap","descending","mixedUpdateHeavy","dexx",4096,4,160444.440570,66493.004867,"ns/op","2026-04-19T23-36-09Z-double-object-persistent-sorted-map.csv"
"DoubleObjectPersistentSortedMap","descending","mixedUpdateHeavy","simple",4096,4,2803312.528160,1034878.875771,"ns/op","2026-04-19T23-36-09Z-double-object-persistent-sorted-map.csv"
"DoubleObjectPersistentSortedMap","descending","mixedUpdateHeavy","treap",4096,4,8776.685789,745.612050,"ns/op","2026-04-19T23-36-09Z-double-object-persistent-sorted-map.csv"
"DoubleObjectPersistentSortedMap","descending","putExisting","bifurcanFloat",128,4,120.198194,56.730256,"ns/op","2026-04-19T23-36-09Z-double-object-persistent-sorted-map.csv"
"DoubleObjectPersistentSortedMap","descending","putExisting","bifurcanSorted",128,4,41.406625,18.968294,"ns/op","2026-04-19T23-36-09Z-double-object-persistent-sorted-map.csv"
"DoubleObjectPersistentSortedMap","descending","putExisting","compact",128,4,6.780829,3.323368,"ns/op","2026-04-19T23-36-09Z-double-object-persistent-sorted-map.csv"
"DoubleObjectPersistentSortedMap","descending","putExisting","dexx",128,4,40.370896,20.136096,"ns/op","2026-04-19T23-36-09Z-double-object-persistent-sorted-map.csv"
"DoubleObjectPersistentSortedMap","descending","putExisting","simple",128,4,984.280748,406.097977,"ns/op","2026-04-19T23-36-09Z-double-object-persistent-sorted-map.csv"
"DoubleObjectPersistentSortedMap","descending","putExisting","treap",128,4,7.134023,2.652545,"ns/op","2026-04-19T23-36-09Z-double-object-persistent-sorted-map.csv"
"DoubleObjectPersistentSortedMap","descending","putExisting","bifurcanFloat",4096,4,151.158578,89.553971,"ns/op","2026-04-19T23-36-09Z-double-object-persistent-sorted-map.csv"
"DoubleObjectPersistentSortedMap","descending","putExisting","bifurcanSorted",4096,4,72.395950,20.766036,"ns/op","2026-04-19T23-36-09Z-double-object-persistent-sorted-map.csv"
"DoubleObjectPersistentSortedMap","descending","putExisting","compact",4096,4,82.707148,57.439687,"ns/op","2026-04-19T23-36-09Z-double-object-persistent-sorted-map.csv"
"DoubleObjectPersistentSortedMap","descending","putExisting","dexx",4096,4,63.427920,35.252629,"ns/op","2026-04-19T23-36-09Z-double-object-persistent-sorted-map.csv"
"DoubleObjectPersistentSortedMap","descending","putExisting","simple",4096,4,32024.603366,16812.196076,"ns/op","2026-04-19T23-36-09Z-double-object-persistent-sorted-map.csv"
"DoubleObjectPersistentSortedMap","descending","putExisting","treap",4096,4,83.814535,48.145933,"ns/op","2026-04-19T23-36-09Z-double-object-persistent-sorted-map.csv"
"DoubleObjectPersistentSortedMap","descending","putNew","bifurcanFloat",128,4,61.509071,27.451094,"ns/op","2026-04-19T23-36-09Z-double-object-persistent-sorted-map.csv"
"DoubleObjectPersistentSortedMap","descending","putNew","bifurcanSorted",128,4,60.619285,40.479270,"ns/op","2026-04-19T23-36-09Z-double-object-persistent-sorted-map.csv"
"DoubleObjectPersistentSortedMap","descending","putNew","compact",128,4,37.887757,21.384853,"ns/op","2026-04-19T23-36-09Z-double-object-persistent-sorted-map.csv"
"DoubleObjectPersistentSortedMap","descending","putNew","dexx",128,4,46.931480,29.847707,"ns/op","2026-04-19T23-36-09Z-double-object-persistent-sorted-map.csv"
"DoubleObjectPersistentSortedMap","descending","putNew","simple",128,4,1022.308841,442.345571,"ns/op","2026-04-19T23-36-09Z-double-object-persistent-sorted-map.csv"
"DoubleObjectPersistentSortedMap","descending","putNew","treap",128,4,36.665416,22.101617,"ns/op","2026-04-19T23-36-09Z-double-object-persistent-sorted-map.csv"
"DoubleObjectPersistentSortedMap","descending","putNew","bifurcanFloat",4096,4,62.395878,27.401055,"ns/op","2026-04-19T23-36-09Z-double-object-persistent-sorted-map.csv"
"DoubleObjectPersistentSortedMap","descending","putNew","bifurcanSorted",4096,4,85.444401,52.313496,"ns/op","2026-04-19T23-36-09Z-double-object-persistent-sorted-map.csv"
"DoubleObjectPersistentSortedMap","descending","putNew","compact",4096,4,61.555678,46.034937,"ns/op","2026-04-19T23-36-09Z-double-object-persistent-sorted-map.csv"
"DoubleObjectPersistentSortedMap","descending","putNew","dexx",4096,4,69.464995,49.351402,"ns/op","2026-04-19T23-36-09Z-double-object-persistent-sorted-map.csv"
"DoubleObjectPersistentSortedMap","descending","putNew","simple",4096,4,32017.584404,8876.967993,"ns/op","2026-04-19T23-36-09Z-double-object-persistent-sorted-map.csv"
"DoubleObjectPersistentSortedMap","descending","putNew","treap",4096,4,61.883667,36.998028,"ns/op","2026-04-19T23-36-09Z-double-object-persistent-sorted-map.csv"
"DoubleObjectPersistentSortedMap","descending","removeExisting","bifurcanFloat",128,4,141.407847,83.785474,"ns/op","2026-04-19T23-36-09Z-double-object-persistent-sorted-map.csv"
"DoubleObjectPersistentSortedMap","descending","removeExisting","bifurcanSorted",128,4,93.020025,50.616401,"ns/op","2026-04-19T23-36-09Z-double-object-persistent-sorted-map.csv"
"DoubleObjectPersistentSortedMap","descending","removeExisting","compact",128,4,32.238423,15.978394,"ns/op","2026-04-19T23-36-09Z-double-object-persistent-sorted-map.csv"
"DoubleObjectPersistentSortedMap","descending","removeExisting","dexx",128,4,54.921084,41.456160,"ns/op","2026-04-19T23-36-09Z-double-object-persistent-sorted-map.csv"
"DoubleObjectPersistentSortedMap","descending","removeExisting","simple",128,4,1024.017566,581.301302,"ns/op","2026-04-19T23-36-09Z-double-object-persistent-sorted-map.csv"
"DoubleObjectPersistentSortedMap","descending","removeExisting","treap",128,4,33.345490,15.121869,"ns/op","2026-04-19T23-36-09Z-double-object-persistent-sorted-map.csv"
"DoubleObjectPersistentSortedMap","descending","removeExisting","bifurcanFloat",4096,4,169.191482,64.073043,"ns/op","2026-04-19T23-36-09Z-double-object-persistent-sorted-map.csv"
"DoubleObjectPersistentSortedMap","descending","removeExisting","bifurcanSorted",4096,4,176.566193,71.611595,"ns/op","2026-04-19T23-36-09Z-double-object-persistent-sorted-map.csv"
"DoubleObjectPersistentSortedMap","descending","removeExisting","compact",4096,4,79.242117,36.582967,"ns/op","2026-04-19T23-36-09Z-double-object-persistent-sorted-map.csv"
"DoubleObjectPersistentSortedMap","descending","removeExisting","dexx",4096,4,99.061495,32.019249,"ns/op","2026-04-19T23-36-09Z-double-object-persistent-sorted-map.csv"
"DoubleObjectPersistentSortedMap","descending","removeExisting","simple",4096,4,32302.497841,9771.030587,"ns/op","2026-04-19T23-36-09Z-double-object-persistent-sorted-map.csv"
"DoubleObjectPersistentSortedMap","descending","removeExisting","treap",4096,4,78.359519,37.671671,"ns/op","2026-04-19T23-36-09Z-double-object-persistent-sorted-map.csv"
"DoubleObjectPersistentSortedMap","descending","size","bifurcanFloat",128,4,1.303768,0.317264,"ns/op","2026-04-19T23-36-09Z-double-object-persistent-sorted-map.csv"
"DoubleObjectPersistentSortedMap","descending","size","bifurcanSorted",128,4,0.715694,0.121173,"ns/op","2026-04-19T23-36-09Z-double-object-persistent-sorted-map.csv"
"DoubleObjectPersistentSortedMap","descending","size","compact",128,4,0.489724,0.028527,"ns/op","2026-04-19T23-36-09Z-double-object-persistent-sorted-map.csv"
"DoubleObjectPersistentSortedMap","descending","size","dexx",128,4,179.427773,41.979931,"ns/op","2026-04-19T23-36-09Z-double-object-persistent-sorted-map.csv"
"DoubleObjectPersistentSortedMap","descending","size","simple",128,4,0.712713,0.068880,"ns/op","2026-04-19T23-36-09Z-double-object-persistent-sorted-map.csv"
"DoubleObjectPersistentSortedMap","descending","size","treap",128,4,0.493356,0.216312,"ns/op","2026-04-19T23-36-09Z-double-object-persistent-sorted-map.csv"
"DoubleObjectPersistentSortedMap","descending","size","bifurcanFloat",4096,4,1.315787,0.116624,"ns/op","2026-04-19T23-36-09Z-double-object-persistent-sorted-map.csv"
"DoubleObjectPersistentSortedMap","descending","size","bifurcanSorted",4096,4,0.740035,0.156811,"ns/op","2026-04-19T23-36-09Z-double-object-persistent-sorted-map.csv"
"DoubleObjectPersistentSortedMap","descending","size","compact",4096,4,0.513696,0.126385,"ns/op","2026-04-19T23-36-09Z-double-object-persistent-sorted-map.csv"
"DoubleObjectPersistentSortedMap","descending","size","dexx",4096,4,7492.716672,3316.228600,"ns/op","2026-04-19T23-36-09Z-double-object-persistent-sorted-map.csv"
"DoubleObjectPersistentSortedMap","descending","size","simple",4096,4,0.683402,0.120678,"ns/op","2026-04-19T23-36-09Z-double-object-persistent-sorted-map.csv"
"DoubleObjectPersistentSortedMap","descending","size","treap",4096,4,0.497912,0.139536,"ns/op","2026-04-19T23-36-09Z-double-object-persistent-sorted-map.csv"
"IntObjectPersistentMap","","findExisting","bifurcan",128,4,11.610031,3.291037,"ns/op","2026-04-20T03-05-35Z-int-object-persistent-map.csv"
"IntObjectPersistentMap","","findExisting","bifurcanMap",128,4,13.802866,3.622314,"ns/op","2026-04-20T03-05-35Z-int-object-persistent-map.csv"
"IntObjectPersistentMap","","findExisting","dexx",128,4,28.522056,18.826947,"ns/op","2026-04-20T03-05-35Z-int-object-persistent-map.csv"
"IntObjectPersistentMap","","findExisting","hamt",128,4,5.405869,2.386989,"ns/op","2026-04-20T03-05-35Z-int-object-persistent-map.csv"
"IntObjectPersistentMap","","findExisting","simple",128,4,7.476155,5.576546,"ns/op","2026-04-20T03-05-35Z-int-object-persistent-map.csv"
"IntObjectPersistentMap","","findExisting","bifurcan",4096,4,18.082876,5.120614,"ns/op","2026-04-20T03-05-35Z-int-object-persistent-map.csv"
"IntObjectPersistentMap","","findExisting","bifurcanMap",4096,4,21.406462,12.943832,"ns/op","2026-04-20T03-05-35Z-int-object-persistent-map.csv"
"IntObjectPersistentMap","","findExisting","dexx",4096,4,33.836279,39.553465,"ns/op","2026-04-20T03-05-35Z-int-object-persistent-map.csv"
"IntObjectPersistentMap","","findExisting","hamt",4096,4,9.465900,1.693755,"ns/op","2026-04-20T03-05-35Z-int-object-persistent-map.csv"
"IntObjectPersistentMap","","findExisting","simple",4096,4,6.688518,1.249561,"ns/op","2026-04-20T03-05-35Z-int-object-persistent-map.csv"
"IntObjectPersistentMap","","findMissing","bifurcan",128,4,2.848317,0.414418,"ns/op","2026-04-20T03-05-35Z-int-object-persistent-map.csv"
"IntObjectPersistentMap","","findMissing","bifurcanMap",128,4,9.611270,3.525017,"ns/op","2026-04-20T03-05-35Z-int-object-persistent-map.csv"
"IntObjectPersistentMap","","findMissing","dexx",128,4,7.947298,7.235261,"ns/op","2026-04-20T03-05-35Z-int-object-persistent-map.csv"
"IntObjectPersistentMap","","findMissing","hamt",128,4,1.830742,0.642366,"ns/op","2026-04-20T03-05-35Z-int-object-persistent-map.csv"
"IntObjectPersistentMap","","findMissing","simple",128,4,4.748531,5.217160,"ns/op","2026-04-20T03-05-35Z-int-object-persistent-map.csv"
"IntObjectPersistentMap","","findMissing","bifurcan",4096,4,17.844983,3.954654,"ns/op","2026-04-20T03-05-35Z-int-object-persistent-map.csv"
"IntObjectPersistentMap","","findMissing","bifurcanMap",4096,4,14.876327,4.355138,"ns/op","2026-04-20T03-05-35Z-int-object-persistent-map.csv"
"IntObjectPersistentMap","","findMissing","dexx",4096,4,30.790710,36.745936,"ns/op","2026-04-20T03-05-35Z-int-object-persistent-map.csv"
"IntObjectPersistentMap","","findMissing","hamt",4096,4,1.667745,0.310557,"ns/op","2026-04-20T03-05-35Z-int-object-persistent-map.csv"
"IntObjectPersistentMap","","findMissing","simple",4096,4,5.037393,6.891035,"ns/op","2026-04-20T03-05-35Z-int-object-persistent-map.csv"
"IntObjectPersistentMap","","iterateAll","bifurcan",128,4,3493.973048,1080.348906,"ns/op","2026-04-20T03-05-35Z-int-object-persistent-map.csv"
"IntObjectPersistentMap","","iterateAll","bifurcanMap",128,4,693.105647,130.231006,"ns/op","2026-04-20T03-05-35Z-int-object-persistent-map.csv"
"IntObjectPersistentMap","","iterateAll","dexx",128,4,6396.419795,3465.622757,"ns/op","2026-04-20T03-05-35Z-int-object-persistent-map.csv"
"IntObjectPersistentMap","","iterateAll","hamt",128,4,541.454732,112.336478,"ns/op","2026-04-20T03-05-35Z-int-object-persistent-map.csv"
"IntObjectPersistentMap","","iterateAll","simple",128,4,604.673264,181.081121,"ns/op","2026-04-20T03-05-35Z-int-object-persistent-map.csv"
"IntObjectPersistentMap","","iterateAll","bifurcan",4096,4,93543.263982,29314.939593,"ns/op","2026-04-20T03-05-35Z-int-object-persistent-map.csv"
"IntObjectPersistentMap","","iterateAll","bifurcanMap",4096,4,22564.004832,5384.220460,"ns/op","2026-04-20T03-05-35Z-int-object-persistent-map.csv"
"IntObjectPersistentMap","","iterateAll","dexx",4096,4,201312.374521,116531.715216,"ns/op","2026-04-20T03-05-35Z-int-object-persistent-map.csv"
"IntObjectPersistentMap","","iterateAll","hamt",4096,4,14956.290093,2770.180154,"ns/op","2026-04-20T03-05-35Z-int-object-persistent-map.csv"
"IntObjectPersistentMap","","iterateAll","simple",4096,4,39676.372606,6589.016151,"ns/op","2026-04-20T03-05-35Z-int-object-persistent-map.csv"
"IntObjectPersistentMap","","mixedReadHeavy","bifurcan",128,4,3368.297375,4476.743106,"ns/op","2026-04-20T03-05-35Z-int-object-persistent-map.csv"
"IntObjectPersistentMap","","mixedReadHeavy","bifurcanMap",128,4,4361.459345,7343.608077,"ns/op","2026-04-20T03-05-35Z-int-object-persistent-map.csv"
"IntObjectPersistentMap","","mixedReadHeavy","dexx",128,4,5038.395133,7949.974508,"ns/op","2026-04-20T03-05-35Z-int-object-persistent-map.csv"
"IntObjectPersistentMap","","mixedReadHeavy","hamt",128,4,1852.444422,2183.466665,"ns/op","2026-04-20T03-05-35Z-int-object-persistent-map.csv"
"IntObjectPersistentMap","","mixedReadHeavy","simple",128,4,28377.164756,54067.715371,"ns/op","2026-04-20T03-05-35Z-int-object-persistent-map.csv"
"IntObjectPersistentMap","","mixedReadHeavy","bifurcan",4096,4,5504.476898,8071.432877,"ns/op","2026-04-20T03-05-35Z-int-object-persistent-map.csv"
"IntObjectPersistentMap","","mixedReadHeavy","bifurcanMap",4096,4,9070.212850,11926.662636,"ns/op","2026-04-20T03-05-35Z-int-object-persistent-map.csv"
"IntObjectPersistentMap","","mixedReadHeavy","dexx",4096,4,8547.017987,15485.300977,"ns/op","2026-04-20T03-05-35Z-int-object-persistent-map.csv"
"IntObjectPersistentMap","","mixedReadHeavy","hamt",4096,4,2151.017005,3064.595511,"ns/op","2026-04-20T03-05-35Z-int-object-persistent-map.csv"
"IntObjectPersistentMap","","mixedReadHeavy","simple",4096,4,674495.329321,366531.952054,"ns/op","2026-04-20T03-05-35Z-int-object-persistent-map.csv"
"IntObjectPersistentMap","","mixedUpdateHeavy","bifurcan",128,4,41982.775699,50854.074009,"ns/op","2026-04-20T03-05-35Z-int-object-persistent-map.csv"
"IntObjectPersistentMap","","mixedUpdateHeavy","bifurcanMap",128,4,37064.882750,69117.497443,"ns/op","2026-04-20T03-05-35Z-int-object-persistent-map.csv"
"IntObjectPersistentMap","","mixedUpdateHeavy","dexx",128,4,23660.755935,33069.887223,"ns/op","2026-04-20T03-05-35Z-int-object-persistent-map.csv"
"IntObjectPersistentMap","","mixedUpdateHeavy","hamt",128,4,13504.747655,22646.413487,"ns/op","2026-04-20T03-05-35Z-int-object-persistent-map.csv"
"IntObjectPersistentMap","","mixedUpdateHeavy","simple",128,4,384885.523431,371744.899085,"ns/op","2026-04-20T03-05-35Z-int-object-persistent-map.csv"
"IntObjectPersistentMap","","mixedUpdateHeavy","bifurcan",4096,4,43939.145751,68050.701328,"ns/op","2026-04-20T03-05-35Z-int-object-persistent-map.csv"
"IntObjectPersistentMap","","mixedUpdateHeavy","bifurcanMap",4096,4,62850.013319,126468.058366,"ns/op","2026-04-20T03-05-35Z-int-object-persistent-map.csv"
"IntObjectPersistentMap","","mixedUpdateHeavy","dexx",4096,4,30779.498300,70192.536704,"ns/op","2026-04-20T03-05-35Z-int-object-persistent-map.csv"
"IntObjectPersistentMap","","mixedUpdateHeavy","hamt",4096,4,18676.184510,36189.181302,"ns/op","2026-04-20T03-05-35Z-int-object-persistent-map.csv"
"IntObjectPersistentMap","","mixedUpdateHeavy","simple",4096,4,9101740.560974,8575001.742678,"ns/op","2026-04-20T03-05-35Z-int-object-persistent-map.csv"
"IntObjectPersistentMap","","putExisting","bifurcan",128,4,177.030946,193.785024,"ns/op","2026-04-20T03-05-35Z-int-object-persistent-map.csv"
"IntObjectPersistentMap","","putExisting","bifurcanMap",128,4,197.043012,286.895950,"ns/op","2026-04-20T03-05-35Z-int-object-persistent-map.csv"
"IntObjectPersistentMap","","putExisting","dexx",128,4,105.057822,117.423280,"ns/op","2026-04-20T03-05-35Z-int-object-persistent-map.csv"
"IntObjectPersistentMap","","putExisting","hamt",128,4,93.570859,127.432473,"ns/op","2026-04-20T03-05-35Z-int-object-persistent-map.csv"
"IntObjectPersistentMap","","putExisting","simple",128,4,3248.948892,6318.578472,"ns/op","2026-04-20T03-05-35Z-int-object-persistent-map.csv"
"IntObjectPersistentMap","","putExisting","bifurcan",4096,4,470.871305,1549.165613,"ns/op","2026-04-20T03-05-35Z-int-object-persistent-map.csv"
"IntObjectPersistentMap","","putExisting","bifurcanMap",4096,4,288.990931,466.695096,"ns/op","2026-04-20T03-05-35Z-int-object-persistent-map.csv"
"IntObjectPersistentMap","","putExisting","dexx",4096,4,181.124067,345.997344,"ns/op","2026-04-20T03-05-35Z-int-object-persistent-map.csv"
"IntObjectPersistentMap","","putExisting","hamt",4096,4,135.801926,207.622073,"ns/op","2026-04-20T03-05-35Z-int-object-persistent-map.csv"
"IntObjectPersistentMap","","putExisting","simple",4096,4,85988.005031,9302.960737,"ns/op","2026-04-20T03-05-35Z-int-object-persistent-map.csv"
"IntObjectPersistentMap","","putNew","bifurcan",128,4,508.675424,358.067552,"ns/op","2026-04-20T03-05-35Z-int-object-persistent-map.csv"
"IntObjectPersistentMap","","putNew","bifurcanMap",128,4,685.484201,701.237311,"ns/op","2026-04-20T03-05-35Z-int-object-persistent-map.csv"
"IntObjectPersistentMap","","putNew","dexx",128,4,165.881052,274.089220,"ns/op","2026-04-20T03-05-35Z-int-object-persistent-map.csv"
"IntObjectPersistentMap","","putNew","hamt",128,4,11.981930,16.335930,"ns/op","2026-04-20T03-05-35Z-int-object-persistent-map.csv"
"IntObjectPersistentMap","","putNew","simple",128,4,3074.548641,7066.690235,"ns/op","2026-04-20T03-05-35Z-int-object-persistent-map.csv"
"IntObjectPersistentMap","","putNew","bifurcan",4096,4,119.957044,149.480171,"ns/op","2026-04-20T03-05-35Z-int-object-persistent-map.csv"
"IntObjectPersistentMap","","putNew","bifurcanMap",4096,4,703.308564,1000.328373,"ns/op","2026-04-20T03-05-35Z-int-object-persistent-map.csv"
"IntObjectPersistentMap","","putNew","dexx",4096,4,230.606303,457.402692,"ns/op","2026-04-20T03-05-35Z-int-object-persistent-map.csv"
"IntObjectPersistentMap","","putNew","hamt",4096,4,13.368846,16.788272,"ns/op","2026-04-20T03-05-35Z-int-object-persistent-map.csv"
"IntObjectPersistentMap","","putNew","simple",4096,4,79756.631554,24495.539313,"ns/op","2026-04-20T03-05-35Z-int-object-persistent-map.csv"
"IntObjectPersistentMap","","removeExisting","bifurcan",128,4,688.641000,597.086840,"ns/op","2026-04-20T03-05-35Z-int-object-persistent-map.csv"
"IntObjectPersistentMap","","removeExisting","bifurcanMap",128,4,328.805774,286.831510,"ns/op","2026-04-20T03-05-35Z-int-object-persistent-map.csv"
"IntObjectPersistentMap","","removeExisting","dexx",128,4,156.191208,333.505448,"ns/op","2026-04-20T03-05-35Z-int-object-persistent-map.csv"
"IntObjectPersistentMap","","removeExisting","hamt",128,4,94.024060,115.152374,"ns/op","2026-04-20T03-05-35Z-int-object-persistent-map.csv"
"IntObjectPersistentMap","","removeExisting","simple",128,4,2987.381788,4506.109614,"ns/op","2026-04-20T03-05-35Z-int-object-persistent-map.csv"
"IntObjectPersistentMap","","removeExisting","bifurcan",4096,4,1010.449852,1227.718135,"ns/op","2026-04-20T03-05-35Z-int-object-persistent-map.csv"
"IntObjectPersistentMap","","removeExisting","bifurcanMap",4096,4,456.157889,1476.836113,"ns/op","2026-04-20T03-05-35Z-int-object-persistent-map.csv"
"IntObjectPersistentMap","","removeExisting","dexx",4096,4,206.915518,486.060161,"ns/op","2026-04-20T03-05-35Z-int-object-persistent-map.csv"
"IntObjectPersistentMap","","removeExisting","hamt",4096,4,163.776472,194.584431,"ns/op","2026-04-20T03-05-35Z-int-object-persistent-map.csv"
"IntObjectPersistentMap","","removeExisting","simple",4096,4,81791.076509,24763.826763,"ns/op","2026-04-20T03-05-35Z-int-object-persistent-map.csv"
"IntObjectPersistentMap","","size","bifurcan",128,4,2.568938,0.680958,"ns/op","2026-04-20T03-05-35Z-int-object-persistent-map.csv"
"IntObjectPersistentMap","","size","bifurcanMap",128,4,1.929936,0.781934,"ns/op","2026-04-20T03-05-35Z-int-object-persistent-map.csv"
"IntObjectPersistentMap","","size","dexx",128,4,4.141246,4.775669,"ns/op","2026-04-20T03-05-35Z-int-object-persistent-map.csv"
"IntObjectPersistentMap","","size","hamt",128,4,1.727022,0.354239,"ns/op","2026-04-20T03-05-35Z-int-object-persistent-map.csv"
"IntObjectPersistentMap","","size","simple",128,4,2.039926,1.277772,"ns/op","2026-04-20T03-05-35Z-int-object-persistent-map.csv"
"IntObjectPersistentMap","","size","bifurcan",4096,4,2.643927,0.497035,"ns/op","2026-04-20T03-05-35Z-int-object-persistent-map.csv"
"IntObjectPersistentMap","","size","bifurcanMap",4096,4,2.007805,0.395602,"ns/op","2026-04-20T03-05-35Z-int-object-persistent-map.csv"
"IntObjectPersistentMap","","size","dexx",4096,4,2.893143,1.041510,"ns/op","2026-04-20T03-05-35Z-int-object-persistent-map.csv"
"IntObjectPersistentMap","","size","hamt",4096,4,1.769908,0.177198,"ns/op","2026-04-20T03-05-35Z-int-object-persistent-map.csv"
"IntObjectPersistentMap","","size","simple",4096,4,1.842836,0.964644,"ns/op","2026-04-20T03-05-35Z-int-object-persistent-map.csv"
"LongObjectPersistentMap","","findExisting","bifurcan",128,4,4.536309,0.847142,"ns/op","2026-04-19T23-36-09Z-long-object-persistent-map.csv"
"LongObjectPersistentMap","","findExisting","bifurcanMap",128,4,5.575228,1.270388,"ns/op","2026-04-19T23-36-09Z-long-object-persistent-map.csv"
"LongObjectPersistentMap","","findExisting","compact",128,4,3.993835,0.515634,"ns/op","2026-04-19T23-36-09Z-long-object-persistent-map.csv"
"LongObjectPersistentMap","","findExisting","dexx",128,4,9.981159,0.981885,"ns/op","2026-04-19T23-36-09Z-long-object-persistent-map.csv"
"LongObjectPersistentMap","","findExisting","hamt",128,4,4.223674,0.541600,"ns/op","2026-04-19T23-36-09Z-long-object-persistent-map.csv"
"LongObjectPersistentMap","","findExisting","simple",128,4,2.433354,0.460742,"ns/op","2026-04-19T23-36-09Z-long-object-persistent-map.csv"
"LongObjectPersistentMap","","findExisting","bifurcan",4096,4,7.200607,1.890228,"ns/op","2026-04-19T23-36-09Z-long-object-persistent-map.csv"
"LongObjectPersistentMap","","findExisting","bifurcanMap",4096,4,9.029309,2.127313,"ns/op","2026-04-19T23-36-09Z-long-object-persistent-map.csv"
"LongObjectPersistentMap","","findExisting","compact",4096,4,6.658645,0.949004,"ns/op","2026-04-19T23-36-09Z-long-object-persistent-map.csv"
"LongObjectPersistentMap","","findExisting","dexx",4096,4,12.112060,5.008375,"ns/op","2026-04-19T23-36-09Z-long-object-persistent-map.csv"
"LongObjectPersistentMap","","findExisting","hamt",4096,4,6.598603,0.382291,"ns/op","2026-04-19T23-36-09Z-long-object-persistent-map.csv"
"LongObjectPersistentMap","","findExisting","simple",4096,4,2.998650,1.530484,"ns/op","2026-04-19T23-36-09Z-long-object-persistent-map.csv"
"LongObjectPersistentMap","","findMissing","bifurcan",128,4,1.265100,0.425162,"ns/op","2026-04-19T23-36-09Z-long-object-persistent-map.csv"
"LongObjectPersistentMap","","findMissing","bifurcanMap",128,4,4.565273,1.042877,"ns/op","2026-04-19T23-36-09Z-long-object-persistent-map.csv"
"LongObjectPersistentMap","","findMissing","compact",128,4,2.769426,0.380242,"ns/op","2026-04-19T23-36-09Z-long-object-persistent-map.csv"
"LongObjectPersistentMap","","findMissing","dexx",128,4,3.400448,1.746188,"ns/op","2026-04-19T23-36-09Z-long-object-persistent-map.csv"
"LongObjectPersistentMap","","findMissing","hamt",128,4,2.622828,0.564286,"ns/op","2026-04-19T23-36-09Z-long-object-persistent-map.csv"
"LongObjectPersistentMap","","findMissing","simple",128,4,2.350237,0.703672,"ns/op","2026-04-19T23-36-09Z-long-object-persistent-map.csv"
"LongObjectPersistentMap","","findMissing","bifurcan",4096,4,7.149534,0.726814,"ns/op","2026-04-19T23-36-09Z-long-object-persistent-map.csv"
"LongObjectPersistentMap","","findMissing","bifurcanMap",4096,4,6.321403,1.516355,"ns/op","2026-04-19T23-36-09Z-long-object-persistent-map.csv"
"LongObjectPersistentMap","","findMissing","compact",4096,4,4.928194,1.310988,"ns/op","2026-04-19T23-36-09Z-long-object-persistent-map.csv"
"LongObjectPersistentMap","","findMissing","dexx",4096,4,12.128723,2.377709,"ns/op","2026-04-19T23-36-09Z-long-object-persistent-map.csv"
"LongObjectPersistentMap","","findMissing","hamt",4096,4,2.578608,0.147493,"ns/op","2026-04-19T23-36-09Z-long-object-persistent-map.csv"
"LongObjectPersistentMap","","findMissing","simple",4096,4,2.461148,0.525255,"ns/op","2026-04-19T23-36-09Z-long-object-persistent-map.csv"
"LongObjectPersistentMap","","iterateAll","bifurcan",128,4,1338.445827,177.434399,"ns/op","2026-04-19T23-36-09Z-long-object-persistent-map.csv"
"LongObjectPersistentMap","","iterateAll","bifurcanMap",128,4,271.680964,24.280435,"ns/op","2026-04-19T23-36-09Z-long-object-persistent-map.csv"
"LongObjectPersistentMap","","iterateAll","compact",128,4,283.252137,6.351793,"ns/op","2026-04-19T23-36-09Z-long-object-persistent-map.csv"
"LongObjectPersistentMap","","iterateAll","dexx",128,4,2378.536047,669.070455,"ns/op","2026-04-19T23-36-09Z-long-object-persistent-map.csv"
"LongObjectPersistentMap","","iterateAll","hamt",128,4,369.579394,48.846881,"ns/op","2026-04-19T23-36-09Z-long-object-persistent-map.csv"
"LongObjectPersistentMap","","iterateAll","simple",128,4,264.625715,25.864706,"ns/op","2026-04-19T23-36-09Z-long-object-persistent-map.csv"
"LongObjectPersistentMap","","iterateAll","bifurcan",4096,4,39601.446235,6839.198264,"ns/op","2026-04-19T23-36-09Z-long-object-persistent-map.csv"
"LongObjectPersistentMap","","iterateAll","bifurcanMap",4096,4,10113.527770,21636.251926,"ns/op","2026-04-19T23-36-09Z-long-object-persistent-map.csv"
"LongObjectPersistentMap","","iterateAll","compact",4096,4,10597.079485,2165.397235,"ns/op","2026-04-19T23-36-09Z-long-object-persistent-map.csv"
"LongObjectPersistentMap","","iterateAll","dexx",4096,4,75075.172811,14819.964539,"ns/op","2026-04-19T23-36-09Z-long-object-persistent-map.csv"
"LongObjectPersistentMap","","iterateAll","hamt",4096,4,12138.202260,896.474480,"ns/op","2026-04-19T23-36-09Z-long-object-persistent-map.csv"
"LongObjectPersistentMap","","iterateAll","simple",4096,4,19523.828787,10014.683594,"ns/op","2026-04-19T23-36-09Z-long-object-persistent-map.csv"
"LongObjectPersistentMap","","mixedReadHeavy","bifurcan",128,4,921.570351,273.452321,"ns/op","2026-04-19T23-36-09Z-long-object-persistent-map.csv"
"LongObjectPersistentMap","","mixedReadHeavy","bifurcanMap",128,4,1322.440337,863.403742,"ns/op","2026-04-19T23-36-09Z-long-object-persistent-map.csv"
"LongObjectPersistentMap","","mixedReadHeavy","compact",128,4,956.692562,429.817202,"ns/op","2026-04-19T23-36-09Z-long-object-persistent-map.csv"
"LongObjectPersistentMap","","mixedReadHeavy","dexx",128,4,1317.076670,350.044290,"ns/op","2026-04-19T23-36-09Z-long-object-persistent-map.csv"
"LongObjectPersistentMap","","mixedReadHeavy","hamt",128,4,783.949920,304.440044,"ns/op","2026-04-19T23-36-09Z-long-object-persistent-map.csv"
"LongObjectPersistentMap","","mixedReadHeavy","simple",128,4,9023.576605,1207.933001,"ns/op","2026-04-19T23-36-09Z-long-object-persistent-map.csv"
"LongObjectPersistentMap","","mixedReadHeavy","bifurcan",4096,4,1721.925802,619.161315,"ns/op","2026-04-19T23-36-09Z-long-object-persistent-map.csv"
"LongObjectPersistentMap","","mixedReadHeavy","bifurcanMap",4096,4,2147.474560,701.701112,"ns/op","2026-04-19T23-36-09Z-long-object-persistent-map.csv"
"LongObjectPersistentMap","","mixedReadHeavy","compact",4096,4,1376.539140,132.552223,"ns/op","2026-04-19T23-36-09Z-long-object-persistent-map.csv"
"LongObjectPersistentMap","","mixedReadHeavy","dexx",4096,4,2053.127872,644.036857,"ns/op","2026-04-19T23-36-09Z-long-object-persistent-map.csv"
"LongObjectPersistentMap","","mixedReadHeavy","hamt",4096,4,1209.218155,374.683503,"ns/op","2026-04-19T23-36-09Z-long-object-persistent-map.csv"
"LongObjectPersistentMap","","mixedReadHeavy","simple",4096,4,258676.430690,83455.938498,"ns/op","2026-04-19T23-36-09Z-long-object-persistent-map.csv"
"LongObjectPersistentMap","","mixedUpdateHeavy","bifurcan",128,4,11414.821657,2305.110076,"ns/op","2026-04-19T23-36-09Z-long-object-persistent-map.csv"
"LongObjectPersistentMap","","mixedUpdateHeavy","bifurcanMap",128,4,11041.279952,3715.230026,"ns/op","2026-04-19T23-36-09Z-long-object-persistent-map.csv"
"LongObjectPersistentMap","","mixedUpdateHeavy","compact",128,4,6171.349848,2568.365693,"ns/op","2026-04-19T23-36-09Z-long-object-persistent-map.csv"
"LongObjectPersistentMap","","mixedUpdateHeavy","dexx",128,4,5524.488777,2014.289420,"ns/op","2026-04-19T23-36-09Z-long-object-persistent-map.csv"
"LongObjectPersistentMap","","mixedUpdateHeavy","hamt",128,4,4940.197210,3273.971785,"ns/op","2026-04-19T23-36-09Z-long-object-persistent-map.csv"
"LongObjectPersistentMap","","mixedUpdateHeavy","simple",128,4,109155.762032,44953.490499,"ns/op","2026-04-19T23-36-09Z-long-object-persistent-map.csv"
"LongObjectPersistentMap","","mixedUpdateHeavy","bifurcan",4096,4,14735.497755,5495.861569,"ns/op","2026-04-19T23-36-09Z-long-object-persistent-map.csv"
"LongObjectPersistentMap","","mixedUpdateHeavy","bifurcanMap",4096,4,18633.847518,7766.717658,"ns/op","2026-04-19T23-36-09Z-long-object-persistent-map.csv"
"LongObjectPersistentMap","","mixedUpdateHeavy","compact",4096,4,8350.490139,5030.859000,"ns/op","2026-04-19T23-36-09Z-long-object-persistent-map.csv"
"LongObjectPersistentMap","","mixedUpdateHeavy","dexx",4096,4,8214.410572,5887.637353,"ns/op","2026-04-19T23-36-09Z-long-object-persistent-map.csv"
"LongObjectPersistentMap","","mixedUpdateHeavy","hamt",4096,4,8578.526334,4231.601615,"ns/op","2026-04-19T23-36-09Z-long-object-persistent-map.csv"
"LongObjectPersistentMap","","mixedUpdateHeavy","simple",4096,4,3433659.219848,822437.596151,"ns/op","2026-04-19T23-36-09Z-long-object-persistent-map.csv"
"LongObjectPersistentMap","","putExisting","bifurcan",128,4,58.585086,21.029620,"ns/op","2026-04-19T23-36-09Z-long-object-persistent-map.csv"
"LongObjectPersistentMap","","putExisting","bifurcanMap",128,4,62.788695,32.075096,"ns/op","2026-04-19T23-36-09Z-long-object-persistent-map.csv"
"LongObjectPersistentMap","","putExisting","compact",128,4,34.328473,17.875049,"ns/op","2026-04-19T23-36-09Z-long-object-persistent-map.csv"
"LongObjectPersistentMap","","putExisting","dexx",128,4,38.757153,22.410329,"ns/op","2026-04-19T23-36-09Z-long-object-persistent-map.csv"
"LongObjectPersistentMap","","putExisting","hamt",128,4,35.675771,27.578309,"ns/op","2026-04-19T23-36-09Z-long-object-persistent-map.csv"
"LongObjectPersistentMap","","putExisting","simple",128,4,970.378678,318.342444,"ns/op","2026-04-19T23-36-09Z-long-object-persistent-map.csv"
"LongObjectPersistentMap","","putExisting","bifurcan",4096,4,98.302051,54.106554,"ns/op","2026-04-19T23-36-09Z-long-object-persistent-map.csv"
"LongObjectPersistentMap","","putExisting","bifurcanMap",4096,4,98.950583,48.739593,"ns/op","2026-04-19T23-36-09Z-long-object-persistent-map.csv"
"LongObjectPersistentMap","","putExisting","compact",4096,4,55.505705,18.966381,"ns/op","2026-04-19T23-36-09Z-long-object-persistent-map.csv"
"LongObjectPersistentMap","","putExisting","dexx",4096,4,59.354133,42.052155,"ns/op","2026-04-19T23-36-09Z-long-object-persistent-map.csv"
"LongObjectPersistentMap","","putExisting","hamt",4096,4,50.484000,23.025704,"ns/op","2026-04-19T23-36-09Z-long-object-persistent-map.csv"
"LongObjectPersistentMap","","putExisting","simple",4096,4,36888.670202,16621.774497,"ns/op","2026-04-19T23-36-09Z-long-object-persistent-map.csv"
"LongObjectPersistentMap","","putNew","bifurcan",128,4,160.844678,67.234821,"ns/op","2026-04-19T23-36-09Z-long-object-persistent-map.csv"
"LongObjectPersistentMap","","putNew","bifurcanMap",128,4,200.840227,27.392507,"ns/op","2026-04-19T23-36-09Z-long-object-persistent-map.csv"
"LongObjectPersistentMap","","putNew","compact",128,4,68.298538,27.955277,"ns/op","2026-04-19T23-36-09Z-long-object-persistent-map.csv"
"LongObjectPersistentMap","","putNew","dexx",128,4,47.576577,24.902524,"ns/op","2026-04-19T23-36-09Z-long-object-persistent-map.csv"
"LongObjectPersistentMap","","putNew","hamt",128,4,48.324888,31.758185,"ns/op","2026-04-19T23-36-09Z-long-object-persistent-map.csv"
"LongObjectPersistentMap","","putNew","simple",128,4,1058.448101,337.110252,"ns/op","2026-04-19T23-36-09Z-long-object-persistent-map.csv"
"LongObjectPersistentMap","","putNew","bifurcan",4096,4,45.525999,29.196861,"ns/op","2026-04-19T23-36-09Z-long-object-persistent-map.csv"
"LongObjectPersistentMap","","putNew","bifurcanMap",4096,4,248.313808,122.877578,"ns/op","2026-04-19T23-36-09Z-long-object-persistent-map.csv"
"LongObjectPersistentMap","","putNew","compact",4096,4,86.588430,36.658041,"ns/op","2026-04-19T23-36-09Z-long-object-persistent-map.csv"
"LongObjectPersistentMap","","putNew","dexx",4096,4,60.791179,35.409485,"ns/op","2026-04-19T23-36-09Z-long-object-persistent-map.csv"
"LongObjectPersistentMap","","putNew","hamt",4096,4,159.620455,35.702853,"ns/op","2026-04-19T23-36-09Z-long-object-persistent-map.csv"
"LongObjectPersistentMap","","putNew","simple",4096,4,36685.498194,13352.961002,"ns/op","2026-04-19T23-36-09Z-long-object-persistent-map.csv"
"LongObjectPersistentMap","","removeExisting","bifurcan",128,4,193.932059,39.399573,"ns/op","2026-04-19T23-36-09Z-long-object-persistent-map.csv"
"LongObjectPersistentMap","","removeExisting","bifurcanMap",128,4,80.982799,15.008926,"ns/op","2026-04-19T23-36-09Z-long-object-persistent-map.csv"
"LongObjectPersistentMap","","removeExisting","compact",128,4,64.137225,27.059891,"ns/op","2026-04-19T23-36-09Z-long-object-persistent-map.csv"
"LongObjectPersistentMap","","removeExisting","dexx",128,4,49.425598,22.164983,"ns/op","2026-04-19T23-36-09Z-long-object-persistent-map.csv"
"LongObjectPersistentMap","","removeExisting","hamt",128,4,41.254429,16.257994,"ns/op","2026-04-19T23-36-09Z-long-object-persistent-map.csv"
"LongObjectPersistentMap","","removeExisting","simple",128,4,1187.083235,179.434285,"ns/op","2026-04-19T23-36-09Z-long-object-persistent-map.csv"
"LongObjectPersistentMap","","removeExisting","bifurcan",4096,4,225.789332,44.177388,"ns/op","2026-04-19T23-36-09Z-long-object-persistent-map.csv"
"LongObjectPersistentMap","","removeExisting","bifurcanMap",4096,4,120.696207,84.183338,"ns/op","2026-04-19T23-36-09Z-long-object-persistent-map.csv"
"LongObjectPersistentMap","","removeExisting","compact",4096,4,60.966854,21.520657,"ns/op","2026-04-19T23-36-09Z-long-object-persistent-map.csv"
"LongObjectPersistentMap","","removeExisting","dexx",4096,4,66.683912,33.378142,"ns/op","2026-04-19T23-36-09Z-long-object-persistent-map.csv"
"LongObjectPersistentMap","","removeExisting","hamt",4096,4,52.336162,23.366748,"ns/op","2026-04-19T23-36-09Z-long-object-persistent-map.csv"
"LongObjectPersistentMap","","removeExisting","simple",4096,4,36070.585931,13079.542367,"ns/op","2026-04-19T23-36-09Z-long-object-persistent-map.csv"
"LongObjectPersistentMap","","size","bifurcan",128,4,0.978633,0.092982,"ns/op","2026-04-19T23-36-09Z-long-object-persistent-map.csv"
"LongObjectPersistentMap","","size","bifurcanMap",128,4,0.697281,0.099422,"ns/op","2026-04-19T23-36-09Z-long-object-persistent-map.csv"
"LongObjectPersistentMap","","size","compact",128,4,0.491924,0.110757,"ns/op","2026-04-19T23-36-09Z-long-object-persistent-map.csv"
"LongObjectPersistentMap","","size","dexx",128,4,0.893784,0.049376,"ns/op","2026-04-19T23-36-09Z-long-object-persistent-map.csv"
"LongObjectPersistentMap","","size","hamt",128,4,0.512035,0.037951,"ns/op","2026-04-19T23-36-09Z-long-object-persistent-map.csv"
"LongObjectPersistentMap","","size","simple",128,4,0.734399,0.141285,"ns/op","2026-04-19T23-36-09Z-long-object-persistent-map.csv"
"LongObjectPersistentMap","","size","bifurcan",4096,4,0.971887,0.130720,"ns/op","2026-04-19T23-36-09Z-long-object-persistent-map.csv"
"LongObjectPersistentMap","","size","bifurcanMap",4096,4,0.733350,0.157792,"ns/op","2026-04-19T23-36-09Z-long-object-persistent-map.csv"
"LongObjectPersistentMap","","size","compact",4096,4,0.510058,0.154453,"ns/op","2026-04-19T23-36-09Z-long-object-persistent-map.csv"
"LongObjectPersistentMap","","size","dexx",4096,4,0.910587,0.138128,"ns/op","2026-04-19T23-36-09Z-long-object-persistent-map.csv"
"LongObjectPersistentMap","","size","hamt",4096,4,0.503205,0.148689,"ns/op","2026-04-19T23-36-09Z-long-object-persistent-map.csv"
"LongObjectPersistentMap","","size","simple",4096,4,0.741957,0.062881,"ns/op","2026-04-19T23-36-09Z-long-object-persistent-map.csv"
"PersistentAppendSequence","","append","bifurcan",128,4,7.319990,4.084513,"ns/op","2026-04-19T23-36-09Z-persistent-append-sequence.csv"
"PersistentAppendSequence","","append","chunkedAppend",128,4,17.190756,7.110262,"ns/op","2026-04-19T23-36-09Z-persistent-append-sequence.csv"
"PersistentAppendSequence","","append","chunkedVector",128,4,16.211015,5.386864,"ns/op","2026-04-19T23-36-09Z-persistent-append-sequence.csv"
"PersistentAppendSequence","","append","dexx",128,4,30.255601,28.255471,"ns/op","2026-04-19T23-36-09Z-persistent-append-sequence.csv"
"PersistentAppendSequence","","append","simple",128,4,356.724836,150.671861,"ns/op","2026-04-19T23-36-09Z-persistent-append-sequence.csv"
"PersistentAppendSequence","","append","bifurcan",4096,4,9.701437,5.787303,"ns/op","2026-04-19T23-36-09Z-persistent-append-sequence.csv"
"PersistentAppendSequence","","append","chunkedAppend",4096,4,29.587381,10.802023,"ns/op","2026-04-19T23-36-09Z-persistent-append-sequence.csv"
"PersistentAppendSequence","","append","chunkedVector",4096,4,30.802462,15.695903,"ns/op","2026-04-19T23-36-09Z-persistent-append-sequence.csv"
"PersistentAppendSequence","","append","dexx",4096,4,48.417501,33.565419,"ns/op","2026-04-19T23-36-09Z-persistent-append-sequence.csv"
"PersistentAppendSequence","","append","simple",4096,4,8686.747978,3914.239781,"ns/op","2026-04-19T23-36-09Z-persistent-append-sequence.csv"
"PersistentAppendSequence","","first","bifurcan",128,4,2.752146,0.896619,"ns/op","2026-04-19T23-36-09Z-persistent-append-sequence.csv"
"PersistentAppendSequence","","first","chunkedAppend",128,4,0.763016,0.097724,"ns/op","2026-04-19T23-36-09Z-persistent-append-sequence.csv"
"PersistentAppendSequence","","first","chunkedVector",128,4,0.756884,0.163071,"ns/op","2026-04-19T23-36-09Z-persistent-append-sequence.csv"
"PersistentAppendSequence","","first","dexx",128,4,2.111887,0.373585,"ns/op","2026-04-19T23-36-09Z-persistent-append-sequence.csv"
"PersistentAppendSequence","","first","simple",128,4,1.309670,0.377217,"ns/op","2026-04-19T23-36-09Z-persistent-append-sequence.csv"
"PersistentAppendSequence","","first","bifurcan",4096,4,4.263754,0.805177,"ns/op","2026-04-19T23-36-09Z-persistent-append-sequence.csv"
"PersistentAppendSequence","","first","chunkedAppend",4096,4,0.764077,0.055871,"ns/op","2026-04-19T23-36-09Z-persistent-append-sequence.csv"
"PersistentAppendSequence","","first","chunkedVector",4096,4,0.749860,0.097527,"ns/op","2026-04-19T23-36-09Z-persistent-append-sequence.csv"
"PersistentAppendSequence","","first","dexx",4096,4,2.679845,0.574253,"ns/op","2026-04-19T23-36-09Z-persistent-append-sequence.csv"
"PersistentAppendSequence","","first","simple",4096,4,1.265707,0.220186,"ns/op","2026-04-19T23-36-09Z-persistent-append-sequence.csv"
"PersistentAppendSequence","","iterateAll","bifurcan",128,4,184.398057,32.436651,"ns/op","2026-04-19T23-36-09Z-persistent-append-sequence.csv"
"PersistentAppendSequence","","iterateAll","chunkedAppend",128,4,201.642740,34.369967,"ns/op","2026-04-19T23-36-09Z-persistent-append-sequence.csv"
"PersistentAppendSequence","","iterateAll","chunkedVector",128,4,105.934084,13.755165,"ns/op","2026-04-19T23-36-09Z-persistent-append-sequence.csv"
"PersistentAppendSequence","","iterateAll","dexx",128,4,160.921728,36.428634,"ns/op","2026-04-19T23-36-09Z-persistent-append-sequence.csv"
"PersistentAppendSequence","","iterateAll","simple",128,4,23.746368,5.526989,"ns/op","2026-04-19T23-36-09Z-persistent-append-sequence.csv"
"PersistentAppendSequence","","iterateAll","bifurcan",4096,4,5525.719345,2117.796013,"ns/op","2026-04-19T23-36-09Z-persistent-append-sequence.csv"
"PersistentAppendSequence","","iterateAll","chunkedAppend",4096,4,6580.650613,1198.235676,"ns/op","2026-04-19T23-36-09Z-persistent-append-sequence.csv"
"PersistentAppendSequence","","iterateAll","chunkedVector",4096,4,4471.163243,3663.488563,"ns/op","2026-04-19T23-36-09Z-persistent-append-sequence.csv"
"PersistentAppendSequence","","iterateAll","dexx",4096,4,5221.477002,1310.827513,"ns/op","2026-04-19T23-36-09Z-persistent-append-sequence.csv"
"PersistentAppendSequence","","iterateAll","simple",4096,4,561.695268,69.893651,"ns/op","2026-04-19T23-36-09Z-persistent-append-sequence.csv"
"PersistentAppendSequence","","last","bifurcan",128,4,3.237361,0.440077,"ns/op","2026-04-19T23-36-09Z-persistent-append-sequence.csv"
"PersistentAppendSequence","","last","chunkedAppend",128,4,0.744459,0.135964,"ns/op","2026-04-19T23-36-09Z-persistent-append-sequence.csv"
"PersistentAppendSequence","","last","chunkedVector",128,4,1.006657,0.068376,"ns/op","2026-04-19T23-36-09Z-persistent-append-sequence.csv"
"PersistentAppendSequence","","last","dexx",128,4,1.639544,0.334895,"ns/op","2026-04-19T23-36-09Z-persistent-append-sequence.csv"
"PersistentAppendSequence","","last","simple",128,4,1.404404,0.092281,"ns/op","2026-04-19T23-36-09Z-persistent-append-sequence.csv"
"PersistentAppendSequence","","last","bifurcan",4096,4,4.862221,1.015967,"ns/op","2026-04-19T23-36-09Z-persistent-append-sequence.csv"
"PersistentAppendSequence","","last","chunkedAppend",4096,4,0.730246,0.212317,"ns/op","2026-04-19T23-36-09Z-persistent-append-sequence.csv"
"PersistentAppendSequence","","last","chunkedVector",4096,4,0.955190,0.239632,"ns/op","2026-04-19T23-36-09Z-persistent-append-sequence.csv"
"PersistentAppendSequence","","last","dexx",4096,4,1.658603,0.264055,"ns/op","2026-04-19T23-36-09Z-persistent-append-sequence.csv"
"PersistentAppendSequence","","last","simple",4096,4,1.458431,0.341950,"ns/op","2026-04-19T23-36-09Z-persistent-append-sequence.csv"
"PersistentAppendSequence","","mixedAppendHeavy","bifurcan",128,4,1584.059902,554.021719,"ns/op","2026-04-19T23-36-09Z-persistent-append-sequence.csv"
"PersistentAppendSequence","","mixedAppendHeavy","chunkedAppend",128,4,1108.974365,304.562849,"ns/op","2026-04-19T23-36-09Z-persistent-append-sequence.csv"
"PersistentAppendSequence","","mixedAppendHeavy","chunkedVector",128,4,1050.237371,569.456181,"ns/op","2026-04-19T23-36-09Z-persistent-append-sequence.csv"
"PersistentAppendSequence","","mixedAppendHeavy","dexx",128,4,1819.530111,946.800496,"ns/op","2026-04-19T23-36-09Z-persistent-append-sequence.csv"
"PersistentAppendSequence","","mixedAppendHeavy","simple",128,4,25514.362948,10246.050514,"ns/op","2026-04-19T23-36-09Z-persistent-append-sequence.csv"
"PersistentAppendSequence","","mixedAppendHeavy","bifurcan",4096,4,1801.651318,817.362332,"ns/op","2026-04-19T23-36-09Z-persistent-append-sequence.csv"
"PersistentAppendSequence","","mixedAppendHeavy","chunkedAppend",4096,4,1130.471129,341.973757,"ns/op","2026-04-19T23-36-09Z-persistent-append-sequence.csv"
"PersistentAppendSequence","","mixedAppendHeavy","chunkedVector",4096,4,1160.065761,843.773683,"ns/op","2026-04-19T23-36-09Z-persistent-append-sequence.csv"
"PersistentAppendSequence","","mixedAppendHeavy","dexx",4096,4,1933.994539,1261.715258,"ns/op","2026-04-19T23-36-09Z-persistent-append-sequence.csv"
"PersistentAppendSequence","","mixedAppendHeavy","simple",4096,4,536462.381615,244202.765122,"ns/op","2026-04-19T23-36-09Z-persistent-append-sequence.csv"
"PersistentAppendSequence","","mixedReadHeavy","bifurcan",128,4,537.207506,139.024994,"ns/op","2026-04-19T23-36-09Z-persistent-append-sequence.csv"
"PersistentAppendSequence","","mixedReadHeavy","chunkedAppend",128,4,441.205830,87.501297,"ns/op","2026-04-19T23-36-09Z-persistent-append-sequence.csv"
"PersistentAppendSequence","","mixedReadHeavy","chunkedVector",128,4,403.648954,42.652276,"ns/op","2026-04-19T23-36-09Z-persistent-append-sequence.csv"
"PersistentAppendSequence","","mixedReadHeavy","dexx",128,4,1691.692099,377.880728,"ns/op","2026-04-19T23-36-09Z-persistent-append-sequence.csv"
"PersistentAppendSequence","","mixedReadHeavy","simple",128,4,1667.115237,810.878719,"ns/op","2026-04-19T23-36-09Z-persistent-append-sequence.csv"
"PersistentAppendSequence","","mixedReadHeavy","bifurcan",4096,4,707.269890,242.869871,"ns/op","2026-04-19T23-36-09Z-persistent-append-sequence.csv"
"PersistentAppendSequence","","mixedReadHeavy","chunkedAppend",4096,4,465.242242,51.655235,"ns/op","2026-04-19T23-36-09Z-persistent-append-sequence.csv"
"PersistentAppendSequence","","mixedReadHeavy","chunkedVector",4096,4,511.570498,229.939004,"ns/op","2026-04-19T23-36-09Z-persistent-append-sequence.csv"
"PersistentAppendSequence","","mixedReadHeavy","dexx",4096,4,2601.323487,1330.794828,"ns/op","2026-04-19T23-36-09Z-persistent-append-sequence.csv"
"PersistentAppendSequence","","mixedReadHeavy","simple",4096,4,34666.973604,12688.264182,"ns/op","2026-04-19T23-36-09Z-persistent-append-sequence.csv"
"PersistentAppendSequence","","size","bifurcan",128,4,1.351463,0.129405,"ns/op","2026-04-19T23-36-09Z-persistent-append-sequence.csv"
"PersistentAppendSequence","","size","chunkedAppend",128,4,0.497401,0.034036,"ns/op","2026-04-19T23-36-09Z-persistent-append-sequence.csv"
"PersistentAppendSequence","","size","chunkedVector",128,4,0.493504,0.049673,"ns/op","2026-04-19T23-36-09Z-persistent-append-sequence.csv"
"PersistentAppendSequence","","size","dexx",128,4,0.681564,0.105522,"ns/op","2026-04-19T23-36-09Z-persistent-append-sequence.csv"
"PersistentAppendSequence","","size","simple",128,4,0.963683,0.124994,"ns/op","2026-04-19T23-36-09Z-persistent-append-sequence.csv"
"PersistentAppendSequence","","size","bifurcan",4096,4,1.310839,0.118268,"ns/op","2026-04-19T23-36-09Z-persistent-append-sequence.csv"
"PersistentAppendSequence","","size","chunkedAppend",4096,4,0.467664,0.085829,"ns/op","2026-04-19T23-36-09Z-persistent-append-sequence.csv"
"PersistentAppendSequence","","size","chunkedVector",4096,4,0.508879,0.052552,"ns/op","2026-04-19T23-36-09Z-persistent-append-sequence.csv"
"PersistentAppendSequence","","size","dexx",4096,4,0.683315,0.108837,"ns/op","2026-04-19T23-36-09Z-persistent-append-sequence.csv"
"PersistentAppendSequence","","size","simple",4096,4,0.961007,0.107717,"ns/op","2026-04-19T23-36-09Z-persistent-append-sequence.csv"
"PersistentOrderedQueue","","addExisting","bifurcan",128,4,43.051733,21.325640,"ns/op","2026-04-19T23-36-09Z-persistent-ordered-queue.csv"
"PersistentOrderedQueue","","addExisting","compact",128,4,19.382011,5.234739,"ns/op","2026-04-19T23-36-09Z-persistent-ordered-queue.csv"
"PersistentOrderedQueue","","addExisting","dexx",128,4,36.867891,21.831790,"ns/op","2026-04-19T23-36-09Z-persistent-ordered-queue.csv"
"PersistentOrderedQueue","","addExisting","simple",128,4,1022.868571,460.750819,"ns/op","2026-04-19T23-36-09Z-persistent-ordered-queue.csv"
"PersistentOrderedQueue","","addExisting","treap",128,4,19.689542,3.978875,"ns/op","2026-04-19T23-36-09Z-persistent-ordered-queue.csv"
"PersistentOrderedQueue","","addExisting","bifurcan",4096,4,71.410791,27.556595,"ns/op","2026-04-19T23-36-09Z-persistent-ordered-queue.csv"
"PersistentOrderedQueue","","addExisting","compact",4096,4,62.222002,29.183150,"ns/op","2026-04-19T23-36-09Z-persistent-ordered-queue.csv"
"PersistentOrderedQueue","","addExisting","dexx",4096,4,54.289427,41.579481,"ns/op","2026-04-19T23-36-09Z-persistent-ordered-queue.csv"
"PersistentOrderedQueue","","addExisting","simple",4096,4,31237.229210,11978.584322,"ns/op","2026-04-19T23-36-09Z-persistent-ordered-queue.csv"
"PersistentOrderedQueue","","addExisting","treap",4096,4,63.677639,27.078636,"ns/op","2026-04-19T23-36-09Z-persistent-ordered-queue.csv"
"PersistentOrderedQueue","","addNew","bifurcan",128,4,60.064044,45.723638,"ns/op","2026-04-19T23-36-09Z-persistent-ordered-queue.csv"
"PersistentOrderedQueue","","addNew","compact",128,4,43.001704,20.938563,"ns/op","2026-04-19T23-36-09Z-persistent-ordered-queue.csv"
"PersistentOrderedQueue","","addNew","dexx",128,4,42.368693,17.881000,"ns/op","2026-04-19T23-36-09Z-persistent-ordered-queue.csv"
"PersistentOrderedQueue","","addNew","simple",128,4,1026.291757,585.664297,"ns/op","2026-04-19T23-36-09Z-persistent-ordered-queue.csv"
"PersistentOrderedQueue","","addNew","treap",128,4,44.382973,16.435088,"ns/op","2026-04-19T23-36-09Z-persistent-ordered-queue.csv"
"PersistentOrderedQueue","","addNew","bifurcan",4096,4,89.562013,54.077087,"ns/op","2026-04-19T23-36-09Z-persistent-ordered-queue.csv"
"PersistentOrderedQueue","","addNew","compact",4096,4,76.497551,47.838478,"ns/op","2026-04-19T23-36-09Z-persistent-ordered-queue.csv"
"PersistentOrderedQueue","","addNew","dexx",4096,4,62.560596,36.723543,"ns/op","2026-04-19T23-36-09Z-persistent-ordered-queue.csv"
"PersistentOrderedQueue","","addNew","simple",4096,4,30753.266764,10435.176417,"ns/op","2026-04-19T23-36-09Z-persistent-ordered-queue.csv"
"PersistentOrderedQueue","","addNew","treap",4096,4,73.321500,40.703224,"ns/op","2026-04-19T23-36-09Z-persistent-ordered-queue.csv"
"PersistentOrderedQueue","","first","bifurcan",128,4,4.649487,0.991976,"ns/op","2026-04-19T23-36-09Z-persistent-ordered-queue.csv"
"PersistentOrderedQueue","","first","compact",128,4,0.765087,0.067035,"ns/op","2026-04-19T23-36-09Z-persistent-ordered-queue.csv"
"PersistentOrderedQueue","","first","dexx",128,4,215.852613,29.263505,"ns/op","2026-04-19T23-36-09Z-persistent-ordered-queue.csv"
"PersistentOrderedQueue","","first","simple",128,4,3.757305,0.772537,"ns/op","2026-04-19T23-36-09Z-persistent-ordered-queue.csv"
"PersistentOrderedQueue","","first","treap",128,4,0.769063,0.281967,"ns/op","2026-04-19T23-36-09Z-persistent-ordered-queue.csv"
"PersistentOrderedQueue","","first","bifurcan",4096,4,7.682907,0.757598,"ns/op","2026-04-19T23-36-09Z-persistent-ordered-queue.csv"
"PersistentOrderedQueue","","first","compact",4096,4,0.753657,0.110726,"ns/op","2026-04-19T23-36-09Z-persistent-ordered-queue.csv"
"PersistentOrderedQueue","","first","dexx",4096,4,5365.325428,2003.997774,"ns/op","2026-04-19T23-36-09Z-persistent-ordered-queue.csv"
"PersistentOrderedQueue","","first","simple",4096,4,6.233664,1.334354,"ns/op","2026-04-19T23-36-09Z-persistent-ordered-queue.csv"
"PersistentOrderedQueue","","first","treap",4096,4,0.762393,0.132231,"ns/op","2026-04-19T23-36-09Z-persistent-ordered-queue.csv"
"PersistentOrderedQueue","","iterateAll","bifurcan",128,4,820.402263,127.543230,"ns/op","2026-04-19T23-36-09Z-persistent-ordered-queue.csv"
"PersistentOrderedQueue","","iterateAll","compact",128,4,346.924469,73.384504,"ns/op","2026-04-19T23-36-09Z-persistent-ordered-queue.csv"
"PersistentOrderedQueue","","iterateAll","dexx",128,4,771.225256,207.780315,"ns/op","2026-04-19T23-36-09Z-persistent-ordered-queue.csv"
"PersistentOrderedQueue","","iterateAll","simple",128,4,395.520941,103.013628,"ns/op","2026-04-19T23-36-09Z-persistent-ordered-queue.csv"
"PersistentOrderedQueue","","iterateAll","treap",128,4,342.200035,83.512572,"ns/op","2026-04-19T23-36-09Z-persistent-ordered-queue.csv"
"PersistentOrderedQueue","","iterateAll","bifurcan",4096,4,142416.721886,8407.875936,"ns/op","2026-04-19T23-36-09Z-persistent-ordered-queue.csv"
"PersistentOrderedQueue","","iterateAll","compact",4096,4,15200.954166,2984.525079,"ns/op","2026-04-19T23-36-09Z-persistent-ordered-queue.csv"
"PersistentOrderedQueue","","iterateAll","dexx",4096,4,26410.686810,4961.445624,"ns/op","2026-04-19T23-36-09Z-persistent-ordered-queue.csv"
"PersistentOrderedQueue","","iterateAll","simple",4096,4,17101.460205,1261.467407,"ns/op","2026-04-19T23-36-09Z-persistent-ordered-queue.csv"
"PersistentOrderedQueue","","iterateAll","treap",4096,4,15580.591743,627.953991,"ns/op","2026-04-19T23-36-09Z-persistent-ordered-queue.csv"
"PersistentOrderedQueue","","last","bifurcan",128,4,6.600573,0.623604,"ns/op","2026-04-19T23-36-09Z-persistent-ordered-queue.csv"
"PersistentOrderedQueue","","last","compact",128,4,0.766946,0.095536,"ns/op","2026-04-19T23-36-09Z-persistent-ordered-queue.csv"
"PersistentOrderedQueue","","last","dexx",128,4,211.396316,33.509616,"ns/op","2026-04-19T23-36-09Z-persistent-ordered-queue.csv"
"PersistentOrderedQueue","","last","simple",128,4,4.264506,0.747290,"ns/op","2026-04-19T23-36-09Z-persistent-ordered-queue.csv"
"PersistentOrderedQueue","","last","treap",128,4,0.757972,0.126766,"ns/op","2026-04-19T23-36-09Z-persistent-ordered-queue.csv"
"PersistentOrderedQueue","","last","bifurcan",4096,4,11.373209,3.526390,"ns/op","2026-04-19T23-36-09Z-persistent-ordered-queue.csv"
"PersistentOrderedQueue","","last","compact",4096,4,0.751162,0.094399,"ns/op","2026-04-19T23-36-09Z-persistent-ordered-queue.csv"
"PersistentOrderedQueue","","last","dexx",4096,4,5333.818065,2079.612009,"ns/op","2026-04-19T23-36-09Z-persistent-ordered-queue.csv"
"PersistentOrderedQueue","","last","simple",4096,4,6.622216,0.506105,"ns/op","2026-04-19T23-36-09Z-persistent-ordered-queue.csv"
"PersistentOrderedQueue","","last","treap",4096,4,0.746711,0.094512,"ns/op","2026-04-19T23-36-09Z-persistent-ordered-queue.csv"
"PersistentOrderedQueue","","mixedReadHeavy","bifurcan",128,4,4025.329957,2044.416608,"ns/op","2026-04-19T23-36-09Z-persistent-ordered-queue.csv"
"PersistentOrderedQueue","","mixedReadHeavy","compact",128,4,2533.215880,447.265223,"ns/op","2026-04-19T23-36-09Z-persistent-ordered-queue.csv"
"PersistentOrderedQueue","","mixedReadHeavy","dexx",128,4,61728.176849,2686.254508,"ns/op","2026-04-19T23-36-09Z-persistent-ordered-queue.csv"
"PersistentOrderedQueue","","mixedReadHeavy","simple",128,4,5676.416326,2047.570460,"ns/op","2026-04-19T23-36-09Z-persistent-ordered-queue.csv"
"PersistentOrderedQueue","","mixedReadHeavy","treap",128,4,2024.170676,665.009825,"ns/op","2026-04-19T23-36-09Z-persistent-ordered-queue.csv"
"PersistentOrderedQueue","","mixedReadHeavy","bifurcan",4096,4,8596.164752,3621.582025,"ns/op","2026-04-19T23-36-09Z-persistent-ordered-queue.csv"
"PersistentOrderedQueue","","mixedReadHeavy","compact",4096,4,2666.777886,1180.606326,"ns/op","2026-04-19T23-36-09Z-persistent-ordered-queue.csv"
"PersistentOrderedQueue","","mixedReadHeavy","dexx",4096,4,1863847.989418,374416.924708,"ns/op","2026-04-19T23-36-09Z-persistent-ordered-queue.csv"
"PersistentOrderedQueue","","mixedReadHeavy","simple",4096,4,121956.447615,32838.638156,"ns/op","2026-04-19T23-36-09Z-persistent-ordered-queue.csv"
"PersistentOrderedQueue","","mixedReadHeavy","treap",4096,4,2680.926739,1018.372753,"ns/op","2026-04-19T23-36-09Z-persistent-ordered-queue.csv"
"PersistentOrderedQueue","","mixedUpdateHeavy","bifurcan",128,4,12028.628995,5949.875800,"ns/op","2026-04-19T23-36-09Z-persistent-ordered-queue.csv"
"PersistentOrderedQueue","","mixedUpdateHeavy","compact",128,4,6156.251436,3456.088327,"ns/op","2026-04-19T23-36-09Z-persistent-ordered-queue.csv"
"PersistentOrderedQueue","","mixedUpdateHeavy","dexx",128,4,42019.092834,8802.557569,"ns/op","2026-04-19T23-36-09Z-persistent-ordered-queue.csv"
"PersistentOrderedQueue","","mixedUpdateHeavy","simple",128,4,132980.554145,14934.792731,"ns/op","2026-04-19T23-36-09Z-persistent-ordered-queue.csv"
"PersistentOrderedQueue","","mixedUpdateHeavy","treap",128,4,6071.754324,4074.279523,"ns/op","2026-04-19T23-36-09Z-persistent-ordered-queue.csv"
"PersistentOrderedQueue","","mixedUpdateHeavy","bifurcan",4096,4,20970.639798,11800.417655,"ns/op","2026-04-19T23-36-09Z-persistent-ordered-queue.csv"
"PersistentOrderedQueue","","mixedUpdateHeavy","compact",4096,4,10912.946777,6248.402369,"ns/op","2026-04-19T23-36-09Z-persistent-ordered-queue.csv"
"PersistentOrderedQueue","","mixedUpdateHeavy","dexx",4096,4,697887.497684,125009.689807,"ns/op","2026-04-19T23-36-09Z-persistent-ordered-queue.csv"
"PersistentOrderedQueue","","mixedUpdateHeavy","simple",4096,4,3691248.902273,1242097.170522,"ns/op","2026-04-19T23-36-09Z-persistent-ordered-queue.csv"
"PersistentOrderedQueue","","mixedUpdateHeavy","treap",4096,4,11000.690969,5311.707853,"ns/op","2026-04-19T23-36-09Z-persistent-ordered-queue.csv"
"PersistentOrderedQueue","","removeExisting","bifurcan",128,4,89.097693,59.943371,"ns/op","2026-04-19T23-36-09Z-persistent-ordered-queue.csv"
"PersistentOrderedQueue","","removeExisting","compact",128,4,58.354530,26.957498,"ns/op","2026-04-19T23-36-09Z-persistent-ordered-queue.csv"
"PersistentOrderedQueue","","removeExisting","dexx",128,4,46.809357,27.902437,"ns/op","2026-04-19T23-36-09Z-persistent-ordered-queue.csv"
"PersistentOrderedQueue","","removeExisting","simple",128,4,1036.872117,514.555157,"ns/op","2026-04-19T23-36-09Z-persistent-ordered-queue.csv"
"PersistentOrderedQueue","","removeExisting","treap",128,4,57.341244,30.063379,"ns/op","2026-04-19T23-36-09Z-persistent-ordered-queue.csv"
"PersistentOrderedQueue","","removeExisting","bifurcan",4096,4,172.847093,77.040553,"ns/op","2026-04-19T23-36-09Z-persistent-ordered-queue.csv"
"PersistentOrderedQueue","","removeExisting","compact",4096,4,59.262010,39.602719,"ns/op","2026-04-19T23-36-09Z-persistent-ordered-queue.csv"
"PersistentOrderedQueue","","removeExisting","dexx",4096,4,82.043453,50.799839,"ns/op","2026-04-19T23-36-09Z-persistent-ordered-queue.csv"
"PersistentOrderedQueue","","removeExisting","simple",4096,4,30708.245933,19386.825938,"ns/op","2026-04-19T23-36-09Z-persistent-ordered-queue.csv"
"PersistentOrderedQueue","","removeExisting","treap",4096,4,59.933514,40.540016,"ns/op","2026-04-19T23-36-09Z-persistent-ordered-queue.csv"
"PersistentOrderedQueue","","replaceExistingWithNew","bifurcan",128,4,155.762545,99.255927,"ns/op","2026-04-19T23-36-09Z-persistent-ordered-queue.csv"
"PersistentOrderedQueue","","replaceExistingWithNew","compact",128,4,98.594743,53.590861,"ns/op","2026-04-19T23-36-09Z-persistent-ordered-queue.csv"
"PersistentOrderedQueue","","replaceExistingWithNew","dexx",128,4,92.689019,39.633116,"ns/op","2026-04-19T23-36-09Z-persistent-ordered-queue.csv"
"PersistentOrderedQueue","","replaceExistingWithNew","simple",128,4,1057.779238,349.313982,"ns/op","2026-04-19T23-36-09Z-persistent-ordered-queue.csv"
"PersistentOrderedQueue","","replaceExistingWithNew","treap",128,4,97.708281,65.215103,"ns/op","2026-04-19T23-36-09Z-persistent-ordered-queue.csv"
"PersistentOrderedQueue","","replaceExistingWithNew","bifurcan",4096,4,267.735621,151.349648,"ns/op","2026-04-19T23-36-09Z-persistent-ordered-queue.csv"
"PersistentOrderedQueue","","replaceExistingWithNew","compact",4096,4,106.719432,54.943382,"ns/op","2026-04-19T23-36-09Z-persistent-ordered-queue.csv"
"PersistentOrderedQueue","","replaceExistingWithNew","dexx",4096,4,141.452622,83.718513,"ns/op","2026-04-19T23-36-09Z-persistent-ordered-queue.csv"
"PersistentOrderedQueue","","replaceExistingWithNew","simple",4096,4,32090.796495,12243.750749,"ns/op","2026-04-19T23-36-09Z-persistent-ordered-queue.csv"
"PersistentOrderedQueue","","replaceExistingWithNew","treap",4096,4,110.575700,70.115222,"ns/op","2026-04-19T23-36-09Z-persistent-ordered-queue.csv"
"PersistentOrderedQueue","","size","bifurcan",128,4,0.920713,0.081178,"ns/op","2026-04-19T23-36-09Z-persistent-ordered-queue.csv"
"PersistentOrderedQueue","","size","compact",128,4,0.523104,0.260891,"ns/op","2026-04-19T23-36-09Z-persistent-ordered-queue.csv"
"PersistentOrderedQueue","","size","dexx",128,4,202.743266,37.189413,"ns/op","2026-04-19T23-36-09Z-persistent-ordered-queue.csv"
"PersistentOrderedQueue","","size","simple",128,4,0.986393,0.162232,"ns/op","2026-04-19T23-36-09Z-persistent-ordered-queue.csv"
"PersistentOrderedQueue","","size","treap",128,4,0.500115,0.119284,"ns/op","2026-04-19T23-36-09Z-persistent-ordered-queue.csv"
"PersistentOrderedQueue","","size","bifurcan",4096,4,0.939325,0.251617,"ns/op","2026-04-19T23-36-09Z-persistent-ordered-queue.csv"
"PersistentOrderedQueue","","size","compact",4096,4,0.500591,0.107424,"ns/op","2026-04-19T23-36-09Z-persistent-ordered-queue.csv"
"PersistentOrderedQueue","","size","dexx",4096,4,7896.431442,6861.831865,"ns/op","2026-04-19T23-36-09Z-persistent-ordered-queue.csv"
"PersistentOrderedQueue","","size","simple",4096,4,1.005466,0.086407,"ns/op","2026-04-19T23-36-09Z-persistent-ordered-queue.csv"
"PersistentOrderedQueue","","size","treap",4096,4,0.497950,0.053224,"ns/op","2026-04-19T23-36-09Z-persistent-ordered-queue.csv"
"PersistentVector","","append","bifurcan",128,4,7.100968,3.723082,"ns/op","2026-04-19T23-36-09Z-persistent-vector.csv"
"PersistentVector","","append","chunked",128,4,16.229894,9.279437,"ns/op","2026-04-19T23-36-09Z-persistent-vector.csv"
"PersistentVector","","append","dexx",128,4,31.227239,35.843530,"ns/op","2026-04-19T23-36-09Z-persistent-vector.csv"
"PersistentVector","","append","simple",128,4,357.967589,132.567773,"ns/op","2026-04-19T23-36-09Z-persistent-vector.csv"
"PersistentVector","","append","bifurcan",4096,4,9.571111,5.669786,"ns/op","2026-04-19T23-36-09Z-persistent-vector.csv"
"PersistentVector","","append","chunked",4096,4,29.839210,8.815802,"ns/op","2026-04-19T23-36-09Z-persistent-vector.csv"
"PersistentVector","","append","dexx",4096,4,52.539237,58.902461,"ns/op","2026-04-19T23-36-09Z-persistent-vector.csv"
"PersistentVector","","append","simple",4096,4,8302.942933,3184.870326,"ns/op","2026-04-19T23-36-09Z-persistent-vector.csv"
"PersistentVector","","first","bifurcan",128,4,2.828508,0.525034,"ns/op","2026-04-19T23-36-09Z-persistent-vector.csv"
"PersistentVector","","first","chunked",128,4,0.780309,0.088778,"ns/op","2026-04-19T23-36-09Z-persistent-vector.csv"
"PersistentVector","","first","dexx",128,4,2.038466,0.465662,"ns/op","2026-04-19T23-36-09Z-persistent-vector.csv"
"PersistentVector","","first","simple",128,4,1.115664,0.171749,"ns/op","2026-04-19T23-36-09Z-persistent-vector.csv"
"PersistentVector","","first","bifurcan",4096,4,4.380751,0.973536,"ns/op","2026-04-19T23-36-09Z-persistent-vector.csv"
"PersistentVector","","first","chunked",4096,4,0.772863,0.081878,"ns/op","2026-04-19T23-36-09Z-persistent-vector.csv"
"PersistentVector","","first","dexx",4096,4,2.713673,0.311613,"ns/op","2026-04-19T23-36-09Z-persistent-vector.csv"
"PersistentVector","","first","simple",4096,4,1.131804,0.127993,"ns/op","2026-04-19T23-36-09Z-persistent-vector.csv"
"PersistentVector","","getMiddle","bifurcan",128,4,2.947095,1.065802,"ns/op","2026-04-19T23-36-09Z-persistent-vector.csv"
"PersistentVector","","getMiddle","chunked",128,4,1.872752,0.578525,"ns/op","2026-04-19T23-36-09Z-persistent-vector.csv"
"PersistentVector","","getMiddle","dexx",128,4,2.144714,0.263247,"ns/op","2026-04-19T23-36-09Z-persistent-vector.csv"
"PersistentVector","","getMiddle","simple",128,4,1.232968,0.096876,"ns/op","2026-04-19T23-36-09Z-persistent-vector.csv"
"PersistentVector","","getMiddle","bifurcan",4096,4,4.638433,0.724917,"ns/op","2026-04-19T23-36-09Z-persistent-vector.csv"
"PersistentVector","","getMiddle","chunked",4096,4,3.335585,0.571702,"ns/op","2026-04-19T23-36-09Z-persistent-vector.csv"
"PersistentVector","","getMiddle","dexx",4096,4,2.824358,0.250861,"ns/op","2026-04-19T23-36-09Z-persistent-vector.csv"
"PersistentVector","","getMiddle","simple",4096,4,1.183032,0.275805,"ns/op","2026-04-19T23-36-09Z-persistent-vector.csv"
"PersistentVector","","getNearEnd","bifurcan",128,4,2.887295,0.543689,"ns/op","2026-04-19T23-36-09Z-persistent-vector.csv"
"PersistentVector","","getNearEnd","chunked",128,4,1.169507,0.440273,"ns/op","2026-04-19T23-36-09Z-persistent-vector.csv"
"PersistentVector","","getNearEnd","dexx",128,4,1.640645,0.301459,"ns/op","2026-04-19T23-36-09Z-persistent-vector.csv"
"PersistentVector","","getNearEnd","simple",128,4,1.195822,0.088194,"ns/op","2026-04-19T23-36-09Z-persistent-vector.csv"
"PersistentVector","","getNearEnd","bifurcan",4096,4,4.625744,0.956968,"ns/op","2026-04-19T23-36-09Z-persistent-vector.csv"
"PersistentVector","","getNearEnd","chunked",4096,4,1.132108,0.283449,"ns/op","2026-04-19T23-36-09Z-persistent-vector.csv"
"PersistentVector","","getNearEnd","dexx",4096,4,1.618565,0.164251,"ns/op","2026-04-19T23-36-09Z-persistent-vector.csv"
"PersistentVector","","getNearEnd","simple",4096,4,1.229220,0.316983,"ns/op","2026-04-19T23-36-09Z-persistent-vector.csv"
"PersistentVector","","iterateForward","bifurcan",128,4,185.317732,29.907055,"ns/op","2026-04-19T23-36-09Z-persistent-vector.csv"
"PersistentVector","","iterateForward","chunked",128,4,103.343862,24.767993,"ns/op","2026-04-19T23-36-09Z-persistent-vector.csv"
"PersistentVector","","iterateForward","dexx",128,4,171.657910,56.227696,"ns/op","2026-04-19T23-36-09Z-persistent-vector.csv"
"PersistentVector","","iterateForward","simple",128,4,23.299930,3.874884,"ns/op","2026-04-19T23-36-09Z-persistent-vector.csv"
"PersistentVector","","iterateForward","bifurcan",4096,4,5543.165748,1879.421815,"ns/op","2026-04-19T23-36-09Z-persistent-vector.csv"
"PersistentVector","","iterateForward","chunked",4096,4,4381.674050,2500.627921,"ns/op","2026-04-19T23-36-09Z-persistent-vector.csv"
"PersistentVector","","iterateForward","dexx",4096,4,5289.606751,936.176349,"ns/op","2026-04-19T23-36-09Z-persistent-vector.csv"
"PersistentVector","","iterateForward","simple",4096,4,577.310350,113.826422,"ns/op","2026-04-19T23-36-09Z-persistent-vector.csv"
"PersistentVector","","iterateReverse","bifurcan",128,4,197.462448,54.183510,"ns/op","2026-04-19T23-36-09Z-persistent-vector.csv"
"PersistentVector","","iterateReverse","chunked",128,4,93.367569,23.740865,"ns/op","2026-04-19T23-36-09Z-persistent-vector.csv"
"PersistentVector","","iterateReverse","dexx",128,4,132.260515,17.312904,"ns/op","2026-04-19T23-36-09Z-persistent-vector.csv"
"PersistentVector","","iterateReverse","simple",128,4,25.744109,6.147587,"ns/op","2026-04-19T23-36-09Z-persistent-vector.csv"
"PersistentVector","","iterateReverse","bifurcan",4096,4,10443.770836,1388.458129,"ns/op","2026-04-19T23-36-09Z-persistent-vector.csv"
"PersistentVector","","iterateReverse","chunked",4096,4,4241.348506,1668.430120,"ns/op","2026-04-19T23-36-09Z-persistent-vector.csv"
"PersistentVector","","iterateReverse","dexx",4096,4,6004.953071,1406.125398,"ns/op","2026-04-19T23-36-09Z-persistent-vector.csv"
"PersistentVector","","iterateReverse","simple",4096,4,588.101963,74.156286,"ns/op","2026-04-19T23-36-09Z-persistent-vector.csv"
"PersistentVector","","last","bifurcan",128,4,3.360635,0.245673,"ns/op","2026-04-19T23-36-09Z-persistent-vector.csv"
"PersistentVector","","last","chunked",128,4,0.963848,0.169282,"ns/op","2026-04-19T23-36-09Z-persistent-vector.csv"
"PersistentVector","","last","dexx",128,4,1.663238,0.410209,"ns/op","2026-04-19T23-36-09Z-persistent-vector.csv"
"PersistentVector","","last","simple",128,4,1.252955,0.198802,"ns/op","2026-04-19T23-36-09Z-persistent-vector.csv"
"PersistentVector","","last","bifurcan",4096,4,4.734460,0.517993,"ns/op","2026-04-19T23-36-09Z-persistent-vector.csv"
"PersistentVector","","last","chunked",4096,4,0.979963,0.047875,"ns/op","2026-04-19T23-36-09Z-persistent-vector.csv"
"PersistentVector","","last","dexx",4096,4,1.629121,0.173836,"ns/op","2026-04-19T23-36-09Z-persistent-vector.csv"
"PersistentVector","","last","simple",4096,4,1.243765,0.131689,"ns/op","2026-04-19T23-36-09Z-persistent-vector.csv"
"PersistentVector","","mixedAppendHeavy","bifurcan",128,4,1716.741686,902.192836,"ns/op","2026-04-19T23-36-09Z-persistent-vector.csv"
"PersistentVector","","mixedAppendHeavy","chunked",128,4,1202.729909,601.917605,"ns/op","2026-04-19T23-36-09Z-persistent-vector.csv"
"PersistentVector","","mixedAppendHeavy","dexx",128,4,1620.007838,881.446803,"ns/op","2026-04-19T23-36-09Z-persistent-vector.csv"
"PersistentVector","","mixedAppendHeavy","simple",128,4,25849.111732,10829.530964,"ns/op","2026-04-19T23-36-09Z-persistent-vector.csv"
"PersistentVector","","mixedAppendHeavy","bifurcan",4096,4,1974.882700,842.818077,"ns/op","2026-04-19T23-36-09Z-persistent-vector.csv"
"PersistentVector","","mixedAppendHeavy","chunked",4096,4,1283.934892,589.465891,"ns/op","2026-04-19T23-36-09Z-persistent-vector.csv"
"PersistentVector","","mixedAppendHeavy","dexx",4096,4,1816.062954,1068.043517,"ns/op","2026-04-19T23-36-09Z-persistent-vector.csv"
"PersistentVector","","mixedAppendHeavy","simple",4096,4,537910.607459,192432.111394,"ns/op","2026-04-19T23-36-09Z-persistent-vector.csv"
"PersistentVector","","mixedReadHeavy","bifurcan",128,4,528.544777,136.977400,"ns/op","2026-04-19T23-36-09Z-persistent-vector.csv"
"PersistentVector","","mixedReadHeavy","chunked",128,4,227.341263,85.338788,"ns/op","2026-04-19T23-36-09Z-persistent-vector.csv"
"PersistentVector","","mixedReadHeavy","dexx",128,4,457.052280,80.549038,"ns/op","2026-04-19T23-36-09Z-persistent-vector.csv"
"PersistentVector","","mixedReadHeavy","simple",128,4,129.093649,27.149350,"ns/op","2026-04-19T23-36-09Z-persistent-vector.csv"
"PersistentVector","","mixedReadHeavy","bifurcan",4096,4,845.169462,180.266419,"ns/op","2026-04-19T23-36-09Z-persistent-vector.csv"
"PersistentVector","","mixedReadHeavy","chunked",4096,4,308.485298,67.158591,"ns/op","2026-04-19T23-36-09Z-persistent-vector.csv"
"PersistentVector","","mixedReadHeavy","dexx",4096,4,580.866886,64.853119,"ns/op","2026-04-19T23-36-09Z-persistent-vector.csv"
"PersistentVector","","mixedReadHeavy","simple",4096,4,127.963922,17.336004,"ns/op","2026-04-19T23-36-09Z-persistent-vector.csv"
"PersistentVector","","size","bifurcan",128,4,1.419350,0.209863,"ns/op","2026-04-19T23-36-09Z-persistent-vector.csv"
"PersistentVector","","size","chunked",128,4,0.492886,0.099544,"ns/op","2026-04-19T23-36-09Z-persistent-vector.csv"
"PersistentVector","","size","dexx",128,4,0.709717,0.139859,"ns/op","2026-04-19T23-36-09Z-persistent-vector.csv"
"PersistentVector","","size","simple",128,4,0.861257,0.106003,"ns/op","2026-04-19T23-36-09Z-persistent-vector.csv"
"PersistentVector","","size","bifurcan",4096,4,1.383119,0.190413,"ns/op","2026-04-19T23-36-09Z-persistent-vector.csv"
"PersistentVector","","size","chunked",4096,4,0.494609,0.078243,"ns/op","2026-04-19T23-36-09Z-persistent-vector.csv"
"PersistentVector","","size","dexx",4096,4,0.686426,0.130298,"ns/op","2026-04-19T23-36-09Z-persistent-vector.csv"
"PersistentVector","","size","simple",4096,4,0.896922,0.163989,"ns/op","2026-04-19T23-36-09Z-persistent-vector.csv"
