"Benchmark","Mode","Threads","Samples","Score","Score Error (99.9%)","Unit","Param: implementation","Param: order","Param: size"
"io.github.alexoooo.vibe.data.benchmark.DoubleObjectPersistentSortedMapBenchmark.findExisting","avgt",1,4,9.962397,8.366852,"ns/op",simple,ascending,128
"io.github.alexoooo.vibe.data.benchmark.DoubleObjectPersistentSortedMapBenchmark.findExisting","avgt",1,4,15.054453,1.969647,"ns/op",simple,ascending,4096
"io.github.alexoooo.vibe.data.benchmark.DoubleObjectPersistentSortedMapBenchmark.findExisting","avgt",1,4,9.279177,1.235415,"ns/op",simple,descending,128
"io.github.alexoooo.vibe.data.benchmark.DoubleObjectPersistentSortedMapBenchmark.findExisting","avgt",1,4,15.252181,1.148749,"ns/op",simple,descending,4096
"io.github.alexoooo.vibe.data.benchmark.DoubleObjectPersistentSortedMapBenchmark.findExisting","avgt",1,4,1.706844,0.226800,"ns/op",treap,ascending,128
"io.github.alexoooo.vibe.data.benchmark.DoubleObjectPersistentSortedMapBenchmark.findExisting","avgt",1,4,22.149099,4.742528,"ns/op",treap,ascending,4096
"io.github.alexoooo.vibe.data.benchmark.DoubleObjectPersistentSortedMapBenchmark.findExisting","avgt",1,4,1.695688,0.156456,"ns/op",treap,descending,128
"io.github.alexoooo.vibe.data.benchmark.DoubleObjectPersistentSortedMapBenchmark.findExisting","avgt",1,4,22.077690,6.461627,"ns/op",treap,descending,4096
"io.github.alexoooo.vibe.data.benchmark.DoubleObjectPersistentSortedMapBenchmark.findExisting","avgt",1,4,1.662309,0.535872,"ns/op",compact,ascending,128
"io.github.alexoooo.vibe.data.benchmark.DoubleObjectPersistentSortedMapBenchmark.findExisting","avgt",1,4,23.612904,5.453071,"ns/op",compact,ascending,4096
"io.github.alexoooo.vibe.data.benchmark.DoubleObjectPersistentSortedMapBenchmark.findExisting","avgt",1,4,1.783695,0.454892,"ns/op",compact,descending,128
"io.github.alexoooo.vibe.data.benchmark.DoubleObjectPersistentSortedMapBenchmark.findExisting","avgt",1,4,22.521902,1.300389,"ns/op",compact,descending,4096
"io.github.alexoooo.vibe.data.benchmark.DoubleObjectPersistentSortedMapBenchmark.findExisting","avgt",1,4,13.753613,2.327717,"ns/op",dexx,ascending,128
"io.github.alexoooo.vibe.data.benchmark.DoubleObjectPersistentSortedMapBenchmark.findExisting","avgt",1,4,23.758667,7.407065,"ns/op",dexx,ascending,4096
"io.github.alexoooo.vibe.data.benchmark.DoubleObjectPersistentSortedMapBenchmark.findExisting","avgt",1,4,15.148997,4.539820,"ns/op",dexx,descending,128
"io.github.alexoooo.vibe.data.benchmark.DoubleObjectPersistentSortedMapBenchmark.findExisting","avgt",1,4,26.581525,11.851250,"ns/op",dexx,descending,4096
"io.github.alexoooo.vibe.data.benchmark.DoubleObjectPersistentSortedMapBenchmark.findExisting","avgt",1,4,9.354354,1.081443,"ns/op",bifurcanSorted,ascending,128
"io.github.alexoooo.vibe.data.benchmark.DoubleObjectPersistentSortedMapBenchmark.findExisting","avgt",1,4,14.748495,4.015943,"ns/op",bifurcanSorted,ascending,4096
"io.github.alexoooo.vibe.data.benchmark.DoubleObjectPersistentSortedMapBenchmark.findExisting","avgt",1,4,9.100352,1.669976,"ns/op",bifurcanSorted,descending,128
"io.github.alexoooo.vibe.data.benchmark.DoubleObjectPersistentSortedMapBenchmark.findExisting","avgt",1,4,15.404180,0.978256,"ns/op",bifurcanSorted,descending,4096
"io.github.alexoooo.vibe.data.benchmark.DoubleObjectPersistentSortedMapBenchmark.findExisting","avgt",1,4,12.095411,2.719398,"ns/op",bifurcanFloat,ascending,128
"io.github.alexoooo.vibe.data.benchmark.DoubleObjectPersistentSortedMapBenchmark.findExisting","avgt",1,4,14.383998,2.396702,"ns/op",bifurcanFloat,ascending,4096
"io.github.alexoooo.vibe.data.benchmark.DoubleObjectPersistentSortedMapBenchmark.findExisting","avgt",1,4,12.229144,1.980261,"ns/op",bifurcanFloat,descending,128
"io.github.alexoooo.vibe.data.benchmark.DoubleObjectPersistentSortedMapBenchmark.findExisting","avgt",1,4,15.598065,2.823495,"ns/op",bifurcanFloat,descending,4096
"io.github.alexoooo.vibe.data.benchmark.DoubleObjectPersistentSortedMapBenchmark.findMissing","avgt",1,4,9.461980,1.000533,"ns/op",simple,ascending,128
"io.github.alexoooo.vibe.data.benchmark.DoubleObjectPersistentSortedMapBenchmark.findMissing","avgt",1,4,15.573769,2.159789,"ns/op",simple,ascending,4096
"io.github.alexoooo.vibe.data.benchmark.DoubleObjectPersistentSortedMapBenchmark.findMissing","avgt",1,4,9.366473,1.430321,"ns/op",simple,descending,128
"io.github.alexoooo.vibe.data.benchmark.DoubleObjectPersistentSortedMapBenchmark.findMissing","avgt",1,4,15.625504,1.180210,"ns/op",simple,descending,4096
"io.github.alexoooo.vibe.data.benchmark.DoubleObjectPersistentSortedMapBenchmark.findMissing","avgt",1,4,5.342709,0.880121,"ns/op",treap,ascending,128
"io.github.alexoooo.vibe.data.benchmark.DoubleObjectPersistentSortedMapBenchmark.findMissing","avgt",1,4,10.826910,3.199201,"ns/op",treap,ascending,4096
"io.github.alexoooo.vibe.data.benchmark.DoubleObjectPersistentSortedMapBenchmark.findMissing","avgt",1,4,5.347816,1.284010,"ns/op",treap,descending,128
"io.github.alexoooo.vibe.data.benchmark.DoubleObjectPersistentSortedMapBenchmark.findMissing","avgt",1,4,10.442798,1.812151,"ns/op",treap,descending,4096
"io.github.alexoooo.vibe.data.benchmark.DoubleObjectPersistentSortedMapBenchmark.findMissing","avgt",1,4,5.290167,0.572367,"ns/op",compact,ascending,128
"io.github.alexoooo.vibe.data.benchmark.DoubleObjectPersistentSortedMapBenchmark.findMissing","avgt",1,4,10.864930,3.233041,"ns/op",compact,ascending,4096
"io.github.alexoooo.vibe.data.benchmark.DoubleObjectPersistentSortedMapBenchmark.findMissing","avgt",1,4,5.385352,0.608109,"ns/op",compact,descending,128
"io.github.alexoooo.vibe.data.benchmark.DoubleObjectPersistentSortedMapBenchmark.findMissing","avgt",1,4,10.662219,0.982423,"ns/op",compact,descending,4096
"io.github.alexoooo.vibe.data.benchmark.DoubleObjectPersistentSortedMapBenchmark.findMissing","avgt",1,4,15.893738,4.276852,"ns/op",dexx,ascending,128
"io.github.alexoooo.vibe.data.benchmark.DoubleObjectPersistentSortedMapBenchmark.findMissing","avgt",1,4,25.540914,6.474572,"ns/op",dexx,ascending,4096
"io.github.alexoooo.vibe.data.benchmark.DoubleObjectPersistentSortedMapBenchmark.findMissing","avgt",1,4,14.558504,2.812428,"ns/op",dexx,descending,128
"io.github.alexoooo.vibe.data.benchmark.DoubleObjectPersistentSortedMapBenchmark.findMissing","avgt",1,4,22.851095,3.975377,"ns/op",dexx,descending,4096
"io.github.alexoooo.vibe.data.benchmark.DoubleObjectPersistentSortedMapBenchmark.findMissing","avgt",1,4,9.457662,1.370663,"ns/op",bifurcanSorted,ascending,128
"io.github.alexoooo.vibe.data.benchmark.DoubleObjectPersistentSortedMapBenchmark.findMissing","avgt",1,4,15.546135,2.491581,"ns/op",bifurcanSorted,ascending,4096
"io.github.alexoooo.vibe.data.benchmark.DoubleObjectPersistentSortedMapBenchmark.findMissing","avgt",1,4,9.479404,1.206374,"ns/op",bifurcanSorted,descending,128
"io.github.alexoooo.vibe.data.benchmark.DoubleObjectPersistentSortedMapBenchmark.findMissing","avgt",1,4,16.078727,3.256823,"ns/op",bifurcanSorted,descending,4096
"io.github.alexoooo.vibe.data.benchmark.DoubleObjectPersistentSortedMapBenchmark.findMissing","avgt",1,4,4.216668,0.697376,"ns/op",bifurcanFloat,ascending,128
"io.github.alexoooo.vibe.data.benchmark.DoubleObjectPersistentSortedMapBenchmark.findMissing","avgt",1,4,4.067840,0.477880,"ns/op",bifurcanFloat,ascending,4096
"io.github.alexoooo.vibe.data.benchmark.DoubleObjectPersistentSortedMapBenchmark.findMissing","avgt",1,4,4.359224,0.532046,"ns/op",bifurcanFloat,descending,128
"io.github.alexoooo.vibe.data.benchmark.DoubleObjectPersistentSortedMapBenchmark.findMissing","avgt",1,4,4.356623,0.392063,"ns/op",bifurcanFloat,descending,4096
"io.github.alexoooo.vibe.data.benchmark.DoubleObjectPersistentSortedMapBenchmark.greaterOrEqualTo","avgt",1,4,275.683985,34.407177,"ns/op",simple,ascending,128
"io.github.alexoooo.vibe.data.benchmark.DoubleObjectPersistentSortedMapBenchmark.greaterOrEqualTo","avgt",1,4,8898.040881,2935.584353,"ns/op",simple,ascending,4096
"io.github.alexoooo.vibe.data.benchmark.DoubleObjectPersistentSortedMapBenchmark.greaterOrEqualTo","avgt",1,4,260.144125,65.009365,"ns/op",simple,descending,128
"io.github.alexoooo.vibe.data.benchmark.DoubleObjectPersistentSortedMapBenchmark.greaterOrEqualTo","avgt",1,4,9072.240065,2535.409289,"ns/op",simple,descending,4096
"io.github.alexoooo.vibe.data.benchmark.DoubleObjectPersistentSortedMapBenchmark.greaterOrEqualTo","avgt",1,4,188.446246,43.577295,"ns/op",treap,ascending,128
"io.github.alexoooo.vibe.data.benchmark.DoubleObjectPersistentSortedMapBenchmark.greaterOrEqualTo","avgt",1,4,10487.433951,2521.516012,"ns/op",treap,ascending,4096
"io.github.alexoooo.vibe.data.benchmark.DoubleObjectPersistentSortedMapBenchmark.greaterOrEqualTo","avgt",1,4,226.513876,50.571615,"ns/op",treap,descending,128
"io.github.alexoooo.vibe.data.benchmark.DoubleObjectPersistentSortedMapBenchmark.greaterOrEqualTo","avgt",1,4,9488.910510,929.195476,"ns/op",treap,descending,4096
"io.github.alexoooo.vibe.data.benchmark.DoubleObjectPersistentSortedMapBenchmark.greaterOrEqualTo","avgt",1,4,192.978321,23.837729,"ns/op",compact,ascending,128
"io.github.alexoooo.vibe.data.benchmark.DoubleObjectPersistentSortedMapBenchmark.greaterOrEqualTo","avgt",1,4,10208.481085,749.015061,"ns/op",compact,ascending,4096
"io.github.alexoooo.vibe.data.benchmark.DoubleObjectPersistentSortedMapBenchmark.greaterOrEqualTo","avgt",1,4,222.660892,46.099043,"ns/op",compact,descending,128
"io.github.alexoooo.vibe.data.benchmark.DoubleObjectPersistentSortedMapBenchmark.greaterOrEqualTo","avgt",1,4,9514.287367,1081.185873,"ns/op",compact,descending,4096
"io.github.alexoooo.vibe.data.benchmark.DoubleObjectPersistentSortedMapBenchmark.greaterOrEqualTo","avgt",1,4,888.773757,214.752483,"ns/op",dexx,ascending,128
"io.github.alexoooo.vibe.data.benchmark.DoubleObjectPersistentSortedMapBenchmark.greaterOrEqualTo","avgt",1,4,16568.390723,2561.884766,"ns/op",dexx,ascending,4096
"io.github.alexoooo.vibe.data.benchmark.DoubleObjectPersistentSortedMapBenchmark.greaterOrEqualTo","avgt",1,4,913.104537,267.541249,"ns/op",dexx,descending,128
"io.github.alexoooo.vibe.data.benchmark.DoubleObjectPersistentSortedMapBenchmark.greaterOrEqualTo","avgt",1,4,16480.435979,5985.474907,"ns/op",dexx,descending,4096
"io.github.alexoooo.vibe.data.benchmark.DoubleObjectPersistentSortedMapBenchmark.greaterOrEqualTo","avgt",1,4,414.962253,183.468281,"ns/op",bifurcanSorted,ascending,128
"io.github.alexoooo.vibe.data.benchmark.DoubleObjectPersistentSortedMapBenchmark.greaterOrEqualTo","avgt",1,4,56166.835277,7889.829149,"ns/op",bifurcanSorted,ascending,4096
"io.github.alexoooo.vibe.data.benchmark.DoubleObjectPersistentSortedMapBenchmark.greaterOrEqualTo","avgt",1,4,412.504029,188.259673,"ns/op",bifurcanSorted,descending,128
"io.github.alexoooo.vibe.data.benchmark.DoubleObjectPersistentSortedMapBenchmark.greaterOrEqualTo","avgt",1,4,57730.743874,7086.711655,"ns/op",bifurcanSorted,descending,4096
"io.github.alexoooo.vibe.data.benchmark.DoubleObjectPersistentSortedMapBenchmark.greaterOrEqualTo","avgt",1,4,2400.136434,484.987599,"ns/op",bifurcanFloat,ascending,128
"io.github.alexoooo.vibe.data.benchmark.DoubleObjectPersistentSortedMapBenchmark.greaterOrEqualTo","avgt",1,4,160398.836554,50260.003220,"ns/op",bifurcanFloat,ascending,4096
"io.github.alexoooo.vibe.data.benchmark.DoubleObjectPersistentSortedMapBenchmark.greaterOrEqualTo","avgt",1,4,2445.566692,296.121864,"ns/op",bifurcanFloat,descending,128
"io.github.alexoooo.vibe.data.benchmark.DoubleObjectPersistentSortedMapBenchmark.greaterOrEqualTo","avgt",1,4,156947.837567,11682.124773,"ns/op",bifurcanFloat,descending,4096
"io.github.alexoooo.vibe.data.benchmark.DoubleObjectPersistentSortedMapBenchmark.mixedReadHeavy","avgt",1,4,9569.628512,3799.398908,"ns/op",simple,ascending,128
"io.github.alexoooo.vibe.data.benchmark.DoubleObjectPersistentSortedMapBenchmark.mixedReadHeavy","avgt",1,4,234760.510897,100349.646926,"ns/op",simple,ascending,4096
"io.github.alexoooo.vibe.data.benchmark.DoubleObjectPersistentSortedMapBenchmark.mixedReadHeavy","avgt",1,4,9480.301084,2129.932362,"ns/op",simple,descending,128
"io.github.alexoooo.vibe.data.benchmark.DoubleObjectPersistentSortedMapBenchmark.mixedReadHeavy","avgt",1,4,235314.174447,117822.364675,"ns/op",simple,descending,4096
"io.github.alexoooo.vibe.data.benchmark.DoubleObjectPersistentSortedMapBenchmark.mixedReadHeavy","avgt",1,4,1620.839055,288.920005,"ns/op",treap,ascending,128
"io.github.alexoooo.vibe.data.benchmark.DoubleObjectPersistentSortedMapBenchmark.mixedReadHeavy","avgt",1,4,3120.444797,877.435295,"ns/op",treap,ascending,4096
"io.github.alexoooo.vibe.data.benchmark.DoubleObjectPersistentSortedMapBenchmark.mixedReadHeavy","avgt",1,4,1458.760863,332.010250,"ns/op",treap,descending,128
"io.github.alexoooo.vibe.data.benchmark.DoubleObjectPersistentSortedMapBenchmark.mixedReadHeavy","avgt",1,4,3181.496009,1189.984843,"ns/op",treap,descending,4096
"io.github.alexoooo.vibe.data.benchmark.DoubleObjectPersistentSortedMapBenchmark.mixedReadHeavy","avgt",1,4,1783.766902,190.950838,"ns/op",compact,ascending,128
"io.github.alexoooo.vibe.data.benchmark.DoubleObjectPersistentSortedMapBenchmark.mixedReadHeavy","avgt",1,4,3166.483812,1071.116789,"ns/op",compact,ascending,4096
"io.github.alexoooo.vibe.data.benchmark.DoubleObjectPersistentSortedMapBenchmark.mixedReadHeavy","avgt",1,4,1541.697195,296.816503,"ns/op",compact,descending,128
"io.github.alexoooo.vibe.data.benchmark.DoubleObjectPersistentSortedMapBenchmark.mixedReadHeavy","avgt",1,4,3087.908470,811.881137,"ns/op",compact,descending,4096
"io.github.alexoooo.vibe.data.benchmark.DoubleObjectPersistentSortedMapBenchmark.mixedReadHeavy","avgt",1,4,10580.944457,4968.295672,"ns/op",dexx,ascending,128
"io.github.alexoooo.vibe.data.benchmark.DoubleObjectPersistentSortedMapBenchmark.mixedReadHeavy","avgt",1,4,78976.435880,24029.903742,"ns/op",dexx,ascending,4096
"io.github.alexoooo.vibe.data.benchmark.DoubleObjectPersistentSortedMapBenchmark.mixedReadHeavy","avgt",1,4,10870.008019,2863.246316,"ns/op",dexx,descending,128
"io.github.alexoooo.vibe.data.benchmark.DoubleObjectPersistentSortedMapBenchmark.mixedReadHeavy","avgt",1,4,79526.241756,23074.735229,"ns/op",dexx,descending,4096
"io.github.alexoooo.vibe.data.benchmark.DoubleObjectPersistentSortedMapBenchmark.mixedReadHeavy","avgt",1,4,7639.262787,3048.839020,"ns/op",bifurcanSorted,ascending,128
"io.github.alexoooo.vibe.data.benchmark.DoubleObjectPersistentSortedMapBenchmark.mixedReadHeavy","avgt",1,4,1144978.970631,968363.537222,"ns/op",bifurcanSorted,ascending,4096
"io.github.alexoooo.vibe.data.benchmark.DoubleObjectPersistentSortedMapBenchmark.mixedReadHeavy","avgt",1,4,8541.711285,4049.893690,"ns/op",bifurcanSorted,descending,128
"io.github.alexoooo.vibe.data.benchmark.DoubleObjectPersistentSortedMapBenchmark.mixedReadHeavy","avgt",1,4,1086767.403392,237914.150491,"ns/op",bifurcanSorted,descending,4096
"io.github.alexoooo.vibe.data.benchmark.DoubleObjectPersistentSortedMapBenchmark.mixedReadHeavy","avgt",1,4,30802.708373,8051.131917,"ns/op",bifurcanFloat,ascending,128
"io.github.alexoooo.vibe.data.benchmark.DoubleObjectPersistentSortedMapBenchmark.mixedReadHeavy","avgt",1,4,2347440.186699,250938.272941,"ns/op",bifurcanFloat,ascending,4096
"io.github.alexoooo.vibe.data.benchmark.DoubleObjectPersistentSortedMapBenchmark.mixedReadHeavy","avgt",1,4,31282.997771,9639.248620,"ns/op",bifurcanFloat,descending,128
"io.github.alexoooo.vibe.data.benchmark.DoubleObjectPersistentSortedMapBenchmark.mixedReadHeavy","avgt",1,4,2399805.960814,784546.536203,"ns/op",bifurcanFloat,descending,4096
"io.github.alexoooo.vibe.data.benchmark.DoubleObjectPersistentSortedMapBenchmark.mixedUpdateHeavy","avgt",1,4,95477.846151,40843.974969,"ns/op",simple,ascending,128
"io.github.alexoooo.vibe.data.benchmark.DoubleObjectPersistentSortedMapBenchmark.mixedUpdateHeavy","avgt",1,4,2761703.581651,1205753.903706,"ns/op",simple,ascending,4096
"io.github.alexoooo.vibe.data.benchmark.DoubleObjectPersistentSortedMapBenchmark.mixedUpdateHeavy","avgt",1,4,96577.342596,40211.375835,"ns/op",simple,descending,128
"io.github.alexoooo.vibe.data.benchmark.DoubleObjectPersistentSortedMapBenchmark.mixedUpdateHeavy","avgt",1,4,2803312.528160,1034878.875771,"ns/op",simple,descending,4096
"io.github.alexoooo.vibe.data.benchmark.DoubleObjectPersistentSortedMapBenchmark.mixedUpdateHeavy","avgt",1,4,5159.841797,2963.396260,"ns/op",treap,ascending,128
"io.github.alexoooo.vibe.data.benchmark.DoubleObjectPersistentSortedMapBenchmark.mixedUpdateHeavy","avgt",1,4,8763.113973,1567.837481,"ns/op",treap,ascending,4096
"io.github.alexoooo.vibe.data.benchmark.DoubleObjectPersistentSortedMapBenchmark.mixedUpdateHeavy","avgt",1,4,5175.914732,4533.278233,"ns/op",treap,descending,128
"io.github.alexoooo.vibe.data.benchmark.DoubleObjectPersistentSortedMapBenchmark.mixedUpdateHeavy","avgt",1,4,8776.685789,745.612050,"ns/op",treap,descending,4096
"io.github.alexoooo.vibe.data.benchmark.DoubleObjectPersistentSortedMapBenchmark.mixedUpdateHeavy","avgt",1,4,5081.898863,2135.311406,"ns/op",compact,ascending,128
"io.github.alexoooo.vibe.data.benchmark.DoubleObjectPersistentSortedMapBenchmark.mixedUpdateHeavy","avgt",1,4,9178.084486,2443.850936,"ns/op",compact,ascending,4096
"io.github.alexoooo.vibe.data.benchmark.DoubleObjectPersistentSortedMapBenchmark.mixedUpdateHeavy","avgt",1,4,5165.184958,3658.239866,"ns/op",compact,descending,128
"io.github.alexoooo.vibe.data.benchmark.DoubleObjectPersistentSortedMapBenchmark.mixedUpdateHeavy","avgt",1,4,8700.688899,1705.500000,"ns/op",compact,descending,4096
"io.github.alexoooo.vibe.data.benchmark.DoubleObjectPersistentSortedMapBenchmark.mixedUpdateHeavy","avgt",1,4,21834.544395,6011.189473,"ns/op",dexx,ascending,128
"io.github.alexoooo.vibe.data.benchmark.DoubleObjectPersistentSortedMapBenchmark.mixedUpdateHeavy","avgt",1,4,162745.458134,49179.058005,"ns/op",dexx,ascending,4096
"io.github.alexoooo.vibe.data.benchmark.DoubleObjectPersistentSortedMapBenchmark.mixedUpdateHeavy","avgt",1,4,22141.349318,9423.951906,"ns/op",dexx,descending,128
"io.github.alexoooo.vibe.data.benchmark.DoubleObjectPersistentSortedMapBenchmark.mixedUpdateHeavy","avgt",1,4,160444.440570,66493.004867,"ns/op",dexx,descending,4096
"io.github.alexoooo.vibe.data.benchmark.DoubleObjectPersistentSortedMapBenchmark.mixedUpdateHeavy","avgt",1,4,17789.458066,1402.469015,"ns/op",bifurcanSorted,ascending,128
"io.github.alexoooo.vibe.data.benchmark.DoubleObjectPersistentSortedMapBenchmark.mixedUpdateHeavy","avgt",1,4,2009831.635508,378667.115908,"ns/op",bifurcanSorted,ascending,4096
"io.github.alexoooo.vibe.data.benchmark.DoubleObjectPersistentSortedMapBenchmark.mixedUpdateHeavy","avgt",1,4,17172.323783,7760.096174,"ns/op",bifurcanSorted,descending,128
"io.github.alexoooo.vibe.data.benchmark.DoubleObjectPersistentSortedMapBenchmark.mixedUpdateHeavy","avgt",1,4,2296898.117068,131799.106254,"ns/op",bifurcanSorted,descending,4096
"io.github.alexoooo.vibe.data.benchmark.DoubleObjectPersistentSortedMapBenchmark.mixedUpdateHeavy","avgt",1,4,58044.539366,25699.208268,"ns/op",bifurcanFloat,ascending,128
"io.github.alexoooo.vibe.data.benchmark.DoubleObjectPersistentSortedMapBenchmark.mixedUpdateHeavy","avgt",1,4,4675627.246300,273191.934512,"ns/op",bifurcanFloat,ascending,4096
"io.github.alexoooo.vibe.data.benchmark.DoubleObjectPersistentSortedMapBenchmark.mixedUpdateHeavy","avgt",1,4,58379.869227,19712.304805,"ns/op",bifurcanFloat,descending,128
"io.github.alexoooo.vibe.data.benchmark.DoubleObjectPersistentSortedMapBenchmark.mixedUpdateHeavy","avgt",1,4,4614536.878871,1860924.322442,"ns/op",bifurcanFloat,descending,4096
"io.github.alexoooo.vibe.data.benchmark.DoubleObjectPersistentSortedMapBenchmark.putExisting","avgt",1,4,982.313598,464.548729,"ns/op",simple,ascending,128
"io.github.alexoooo.vibe.data.benchmark.DoubleObjectPersistentSortedMapBenchmark.putExisting","avgt",1,4,31380.289900,11090.917586,"ns/op",simple,ascending,4096
"io.github.alexoooo.vibe.data.benchmark.DoubleObjectPersistentSortedMapBenchmark.putExisting","avgt",1,4,984.280748,406.097977,"ns/op",simple,descending,128
"io.github.alexoooo.vibe.data.benchmark.DoubleObjectPersistentSortedMapBenchmark.putExisting","avgt",1,4,32024.603366,16812.196076,"ns/op",simple,descending,4096
"io.github.alexoooo.vibe.data.benchmark.DoubleObjectPersistentSortedMapBenchmark.putExisting","avgt",1,4,7.168637,2.312374,"ns/op",treap,ascending,128
"io.github.alexoooo.vibe.data.benchmark.DoubleObjectPersistentSortedMapBenchmark.putExisting","avgt",1,4,85.159565,54.655524,"ns/op",treap,ascending,4096
"io.github.alexoooo.vibe.data.benchmark.DoubleObjectPersistentSortedMapBenchmark.putExisting","avgt",1,4,7.134023,2.652545,"ns/op",treap,descending,128
"io.github.alexoooo.vibe.data.benchmark.DoubleObjectPersistentSortedMapBenchmark.putExisting","avgt",1,4,83.814535,48.145933,"ns/op",treap,descending,4096
"io.github.alexoooo.vibe.data.benchmark.DoubleObjectPersistentSortedMapBenchmark.putExisting","avgt",1,4,7.204004,3.030387,"ns/op",compact,ascending,128
"io.github.alexoooo.vibe.data.benchmark.DoubleObjectPersistentSortedMapBenchmark.putExisting","avgt",1,4,82.682013,52.046810,"ns/op",compact,ascending,4096
"io.github.alexoooo.vibe.data.benchmark.DoubleObjectPersistentSortedMapBenchmark.putExisting","avgt",1,4,6.780829,3.323368,"ns/op",compact,descending,128
"io.github.alexoooo.vibe.data.benchmark.DoubleObjectPersistentSortedMapBenchmark.putExisting","avgt",1,4,82.707148,57.439687,"ns/op",compact,descending,4096
"io.github.alexoooo.vibe.data.benchmark.DoubleObjectPersistentSortedMapBenchmark.putExisting","avgt",1,4,40.697244,18.325013,"ns/op",dexx,ascending,128
"io.github.alexoooo.vibe.data.benchmark.DoubleObjectPersistentSortedMapBenchmark.putExisting","avgt",1,4,64.051434,31.344764,"ns/op",dexx,ascending,4096
"io.github.alexoooo.vibe.data.benchmark.DoubleObjectPersistentSortedMapBenchmark.putExisting","avgt",1,4,40.370896,20.136096,"ns/op",dexx,descending,128
"io.github.alexoooo.vibe.data.benchmark.DoubleObjectPersistentSortedMapBenchmark.putExisting","avgt",1,4,63.427920,35.252629,"ns/op",dexx,descending,4096
"io.github.alexoooo.vibe.data.benchmark.DoubleObjectPersistentSortedMapBenchmark.putExisting","avgt",1,4,40.510709,26.840800,"ns/op",bifurcanSorted,ascending,128
"io.github.alexoooo.vibe.data.benchmark.DoubleObjectPersistentSortedMapBenchmark.putExisting","avgt",1,4,75.843888,32.482737,"ns/op",bifurcanSorted,ascending,4096
"io.github.alexoooo.vibe.data.benchmark.DoubleObjectPersistentSortedMapBenchmark.putExisting","avgt",1,4,41.406625,18.968294,"ns/op",bifurcanSorted,descending,128
"io.github.alexoooo.vibe.data.benchmark.DoubleObjectPersistentSortedMapBenchmark.putExisting","avgt",1,4,72.395950,20.766036,"ns/op",bifurcanSorted,descending,4096
"io.github.alexoooo.vibe.data.benchmark.DoubleObjectPersistentSortedMapBenchmark.putExisting","avgt",1,4,117.543018,75.305618,"ns/op",bifurcanFloat,ascending,128
"io.github.alexoooo.vibe.data.benchmark.DoubleObjectPersistentSortedMapBenchmark.putExisting","avgt",1,4,148.046926,73.515042,"ns/op",bifurcanFloat,ascending,4096
"io.github.alexoooo.vibe.data.benchmark.DoubleObjectPersistentSortedMapBenchmark.putExisting","avgt",1,4,120.198194,56.730256,"ns/op",bifurcanFloat,descending,128
"io.github.alexoooo.vibe.data.benchmark.DoubleObjectPersistentSortedMapBenchmark.putExisting","avgt",1,4,151.158578,89.553971,"ns/op",bifurcanFloat,descending,4096
"io.github.alexoooo.vibe.data.benchmark.DoubleObjectPersistentSortedMapBenchmark.putNew","avgt",1,4,985.117988,451.465076,"ns/op",simple,ascending,128
"io.github.alexoooo.vibe.data.benchmark.DoubleObjectPersistentSortedMapBenchmark.putNew","avgt",1,4,32248.508973,17210.455492,"ns/op",simple,ascending,4096
"io.github.alexoooo.vibe.data.benchmark.DoubleObjectPersistentSortedMapBenchmark.putNew","avgt",1,4,1022.308841,442.345571,"ns/op",simple,descending,128
"io.github.alexoooo.vibe.data.benchmark.DoubleObjectPersistentSortedMapBenchmark.putNew","avgt",1,4,32017.584404,8876.967993,"ns/op",simple,descending,4096
"io.github.alexoooo.vibe.data.benchmark.DoubleObjectPersistentSortedMapBenchmark.putNew","avgt",1,4,36.417988,12.494430,"ns/op",treap,ascending,128
"io.github.alexoooo.vibe.data.benchmark.DoubleObjectPersistentSortedMapBenchmark.putNew","avgt",1,4,59.950273,29.769146,"ns/op",treap,ascending,4096
"io.github.alexoooo.vibe.data.benchmark.DoubleObjectPersistentSortedMapBenchmark.putNew","avgt",1,4,36.665416,22.101617,"ns/op",treap,descending,128
"io.github.alexoooo.vibe.data.benchmark.DoubleObjectPersistentSortedMapBenchmark.putNew","avgt",1,4,61.883667,36.998028,"ns/op",treap,descending,4096
"io.github.alexoooo.vibe.data.benchmark.DoubleObjectPersistentSortedMapBenchmark.putNew","avgt",1,4,37.127868,20.238588,"ns/op",compact,ascending,128
"io.github.alexoooo.vibe.data.benchmark.DoubleObjectPersistentSortedMapBenchmark.putNew","avgt",1,4,61.188556,39.582830,"ns/op",compact,ascending,4096
"io.github.alexoooo.vibe.data.benchmark.DoubleObjectPersistentSortedMapBenchmark.putNew","avgt",1,4,37.887757,21.384853,"ns/op",compact,descending,128
"io.github.alexoooo.vibe.data.benchmark.DoubleObjectPersistentSortedMapBenchmark.putNew","avgt",1,4,61.555678,46.034937,"ns/op",compact,descending,4096
"io.github.alexoooo.vibe.data.benchmark.DoubleObjectPersistentSortedMapBenchmark.putNew","avgt",1,4,47.929720,34.838814,"ns/op",dexx,ascending,128
"io.github.alexoooo.vibe.data.benchmark.DoubleObjectPersistentSortedMapBenchmark.putNew","avgt",1,4,68.521972,60.437920,"ns/op",dexx,ascending,4096
"io.github.alexoooo.vibe.data.benchmark.DoubleObjectPersistentSortedMapBenchmark.putNew","avgt",1,4,46.931480,29.847707,"ns/op",dexx,descending,128
"io.github.alexoooo.vibe.data.benchmark.DoubleObjectPersistentSortedMapBenchmark.putNew","avgt",1,4,69.464995,49.351402,"ns/op",dexx,descending,4096
"io.github.alexoooo.vibe.data.benchmark.DoubleObjectPersistentSortedMapBenchmark.putNew","avgt",1,4,61.806491,46.713395,"ns/op",bifurcanSorted,ascending,128
"io.github.alexoooo.vibe.data.benchmark.DoubleObjectPersistentSortedMapBenchmark.putNew","avgt",1,4,91.336527,60.316905,"ns/op",bifurcanSorted,ascending,4096
"io.github.alexoooo.vibe.data.benchmark.DoubleObjectPersistentSortedMapBenchmark.putNew","avgt",1,4,60.619285,40.479270,"ns/op",bifurcanSorted,descending,128
"io.github.alexoooo.vibe.data.benchmark.DoubleObjectPersistentSortedMapBenchmark.putNew","avgt",1,4,85.444401,52.313496,"ns/op",bifurcanSorted,descending,4096
"io.github.alexoooo.vibe.data.benchmark.DoubleObjectPersistentSortedMapBenchmark.putNew","avgt",1,4,61.306588,33.840042,"ns/op",bifurcanFloat,ascending,128
"io.github.alexoooo.vibe.data.benchmark.DoubleObjectPersistentSortedMapBenchmark.putNew","avgt",1,4,63.372994,31.950540,"ns/op",bifurcanFloat,ascending,4096
"io.github.alexoooo.vibe.data.benchmark.DoubleObjectPersistentSortedMapBenchmark.putNew","avgt",1,4,61.509071,27.451094,"ns/op",bifurcanFloat,descending,128
"io.github.alexoooo.vibe.data.benchmark.DoubleObjectPersistentSortedMapBenchmark.putNew","avgt",1,4,62.395878,27.401055,"ns/op",bifurcanFloat,descending,4096
"io.github.alexoooo.vibe.data.benchmark.DoubleObjectPersistentSortedMapBenchmark.removeExisting","avgt",1,4,985.688248,228.623928,"ns/op",simple,ascending,128
"io.github.alexoooo.vibe.data.benchmark.DoubleObjectPersistentSortedMapBenchmark.removeExisting","avgt",1,4,32459.021773,23911.670028,"ns/op",simple,ascending,4096
"io.github.alexoooo.vibe.data.benchmark.DoubleObjectPersistentSortedMapBenchmark.removeExisting","avgt",1,4,1024.017566,581.301302,"ns/op",simple,descending,128
"io.github.alexoooo.vibe.data.benchmark.DoubleObjectPersistentSortedMapBenchmark.removeExisting","avgt",1,4,32302.497841,9771.030587,"ns/op",simple,descending,4096
"io.github.alexoooo.vibe.data.benchmark.DoubleObjectPersistentSortedMapBenchmark.removeExisting","avgt",1,4,32.618731,14.178513,"ns/op",treap,ascending,128
"io.github.alexoooo.vibe.data.benchmark.DoubleObjectPersistentSortedMapBenchmark.removeExisting","avgt",1,4,79.351792,39.643981,"ns/op",treap,ascending,4096
"io.github.alexoooo.vibe.data.benchmark.DoubleObjectPersistentSortedMapBenchmark.removeExisting","avgt",1,4,33.345490,15.121869,"ns/op",treap,descending,128
"io.github.alexoooo.vibe.data.benchmark.DoubleObjectPersistentSortedMapBenchmark.removeExisting","avgt",1,4,78.359519,37.671671,"ns/op",treap,descending,4096
"io.github.alexoooo.vibe.data.benchmark.DoubleObjectPersistentSortedMapBenchmark.removeExisting","avgt",1,4,32.453965,18.425187,"ns/op",compact,ascending,128
"io.github.alexoooo.vibe.data.benchmark.DoubleObjectPersistentSortedMapBenchmark.removeExisting","avgt",1,4,78.202575,53.397792,"ns/op",compact,ascending,4096
"io.github.alexoooo.vibe.data.benchmark.DoubleObjectPersistentSortedMapBenchmark.removeExisting","avgt",1,4,32.238423,15.978394,"ns/op",compact,descending,128
"io.github.alexoooo.vibe.data.benchmark.DoubleObjectPersistentSortedMapBenchmark.removeExisting","avgt",1,4,79.242117,36.582967,"ns/op",compact,descending,4096
"io.github.alexoooo.vibe.data.benchmark.DoubleObjectPersistentSortedMapBenchmark.removeExisting","avgt",1,4,53.041993,35.212689,"ns/op",dexx,ascending,128
"io.github.alexoooo.vibe.data.benchmark.DoubleObjectPersistentSortedMapBenchmark.removeExisting","avgt",1,4,93.130819,23.407745,"ns/op",dexx,ascending,4096
"io.github.alexoooo.vibe.data.benchmark.DoubleObjectPersistentSortedMapBenchmark.removeExisting","avgt",1,4,54.921084,41.456160,"ns/op",dexx,descending,128
"io.github.alexoooo.vibe.data.benchmark.DoubleObjectPersistentSortedMapBenchmark.removeExisting","avgt",1,4,99.061495,32.019249,"ns/op",dexx,descending,4096
"io.github.alexoooo.vibe.data.benchmark.DoubleObjectPersistentSortedMapBenchmark.removeExisting","avgt",1,4,91.866724,48.517531,"ns/op",bifurcanSorted,ascending,128
"io.github.alexoooo.vibe.data.benchmark.DoubleObjectPersistentSortedMapBenchmark.removeExisting","avgt",1,4,171.226141,96.759427,"ns/op",bifurcanSorted,ascending,4096
"io.github.alexoooo.vibe.data.benchmark.DoubleObjectPersistentSortedMapBenchmark.removeExisting","avgt",1,4,93.020025,50.616401,"ns/op",bifurcanSorted,descending,128
"io.github.alexoooo.vibe.data.benchmark.DoubleObjectPersistentSortedMapBenchmark.removeExisting","avgt",1,4,176.566193,71.611595,"ns/op",bifurcanSorted,descending,4096
"io.github.alexoooo.vibe.data.benchmark.DoubleObjectPersistentSortedMapBenchmark.removeExisting","avgt",1,4,138.157405,64.197505,"ns/op",bifurcanFloat,ascending,128
"io.github.alexoooo.vibe.data.benchmark.DoubleObjectPersistentSortedMapBenchmark.removeExisting","avgt",1,4,168.323009,77.542662,"ns/op",bifurcanFloat,ascending,4096
"io.github.alexoooo.vibe.data.benchmark.DoubleObjectPersistentSortedMapBenchmark.removeExisting","avgt",1,4,141.407847,83.785474,"ns/op",bifurcanFloat,descending,128
"io.github.alexoooo.vibe.data.benchmark.DoubleObjectPersistentSortedMapBenchmark.removeExisting","avgt",1,4,169.191482,64.073043,"ns/op",bifurcanFloat,descending,4096
"io.github.alexoooo.vibe.data.benchmark.DoubleObjectPersistentSortedMapBenchmark.size","avgt",1,4,0.726909,0.123705,"ns/op",simple,ascending,128
"io.github.alexoooo.vibe.data.benchmark.DoubleObjectPersistentSortedMapBenchmark.size","avgt",1,4,0.730451,0.106290,"ns/op",simple,ascending,4096
"io.github.alexoooo.vibe.data.benchmark.DoubleObjectPersistentSortedMapBenchmark.size","avgt",1,4,0.712713,0.068880,"ns/op",simple,descending,128
"io.github.alexoooo.vibe.data.benchmark.DoubleObjectPersistentSortedMapBenchmark.size","avgt",1,4,0.683402,0.120678,"ns/op",simple,descending,4096
"io.github.alexoooo.vibe.data.benchmark.DoubleObjectPersistentSortedMapBenchmark.size","avgt",1,4,0.495816,0.083855,"ns/op",treap,ascending,128
"io.github.alexoooo.vibe.data.benchmark.DoubleObjectPersistentSortedMapBenchmark.size","avgt",1,4,0.492130,0.111584,"ns/op",treap,ascending,4096
"io.github.alexoooo.vibe.data.benchmark.DoubleObjectPersistentSortedMapBenchmark.size","avgt",1,4,0.493356,0.216312,"ns/op",treap,descending,128
"io.github.alexoooo.vibe.data.benchmark.DoubleObjectPersistentSortedMapBenchmark.size","avgt",1,4,0.497912,0.139536,"ns/op",treap,descending,4096
"io.github.alexoooo.vibe.data.benchmark.DoubleObjectPersistentSortedMapBenchmark.size","avgt",1,4,0.497023,0.110657,"ns/op",compact,ascending,128
"io.github.alexoooo.vibe.data.benchmark.DoubleObjectPersistentSortedMapBenchmark.size","avgt",1,4,0.492266,0.046286,"ns/op",compact,ascending,4096
"io.github.alexoooo.vibe.data.benchmark.DoubleObjectPersistentSortedMapBenchmark.size","avgt",1,4,0.489724,0.028527,"ns/op",compact,descending,128
"io.github.alexoooo.vibe.data.benchmark.DoubleObjectPersistentSortedMapBenchmark.size","avgt",1,4,0.513696,0.126385,"ns/op",compact,descending,4096
"io.github.alexoooo.vibe.data.benchmark.DoubleObjectPersistentSortedMapBenchmark.size","avgt",1,4,239.272665,20.307588,"ns/op",dexx,ascending,128
"io.github.alexoooo.vibe.data.benchmark.DoubleObjectPersistentSortedMapBenchmark.size","avgt",1,4,8039.852993,8033.578986,"ns/op",dexx,ascending,4096
"io.github.alexoooo.vibe.data.benchmark.DoubleObjectPersistentSortedMapBenchmark.size","avgt",1,4,179.427773,41.979931,"ns/op",dexx,descending,128
"io.github.alexoooo.vibe.data.benchmark.DoubleObjectPersistentSortedMapBenchmark.size","avgt",1,4,7492.716672,3316.228600,"ns/op",dexx,descending,4096
"io.github.alexoooo.vibe.data.benchmark.DoubleObjectPersistentSortedMapBenchmark.size","avgt",1,4,0.726606,0.104891,"ns/op",bifurcanSorted,ascending,128
"io.github.alexoooo.vibe.data.benchmark.DoubleObjectPersistentSortedMapBenchmark.size","avgt",1,4,0.738952,0.108709,"ns/op",bifurcanSorted,ascending,4096
"io.github.alexoooo.vibe.data.benchmark.DoubleObjectPersistentSortedMapBenchmark.size","avgt",1,4,0.715694,0.121173,"ns/op",bifurcanSorted,descending,128
"io.github.alexoooo.vibe.data.benchmark.DoubleObjectPersistentSortedMapBenchmark.size","avgt",1,4,0.740035,0.156811,"ns/op",bifurcanSorted,descending,4096
"io.github.alexoooo.vibe.data.benchmark.DoubleObjectPersistentSortedMapBenchmark.size","avgt",1,4,1.307433,0.083951,"ns/op",bifurcanFloat,ascending,128
"io.github.alexoooo.vibe.data.benchmark.DoubleObjectPersistentSortedMapBenchmark.size","avgt",1,4,1.294320,0.213051,"ns/op",bifurcanFloat,ascending,4096
"io.github.alexoooo.vibe.data.benchmark.DoubleObjectPersistentSortedMapBenchmark.size","avgt",1,4,1.303768,0.317264,"ns/op",bifurcanFloat,descending,128
"io.github.alexoooo.vibe.data.benchmark.DoubleObjectPersistentSortedMapBenchmark.size","avgt",1,4,1.315787,0.116624,"ns/op",bifurcanFloat,descending,4096
